month,category,volume,value_cr,avg_ticket
2022-01-01,Bakeries,13480000,300.66,223.04154302670628
2022-01-01,Business Services Not Elsewhere Classified,32369999,2942.86,909.1319403500754
2022-01-01,Caterers,12290000,368.74,300.0325467860049
2022-01-01,Debit Card To Wallet Credit (Wallet Top Up),36190000,3598.43,994.3161094224924
2022-01-01,Debt Collection Agencies,39910000,30589.2,7664.54522676021
2022-01-01,Department Stores,22930000,1314.02,573.05713039686
2022-01-01,Digital Goods: Games,91710000,3106.36,338.7155163013848
2022-01-01,Electronics Shops,9760000,1837.67,1882.858606557377
2022-01-01,Food & Beverages,335230000,10965.57,327.10586761328045
2022-01-01,Government Services Not Elsewhere Classified,11170000,1486.23,1330.5550581915845
2022-01-01,Grocery & Supermarkets,248050000,11621.6,468.51844386212457
2022-01-01,Health And Beauty Spas,54370000,1981.53,364.4528232481148
2022-01-01,Healthcare & Pharmacy,27430000,1287.48,469.3693036820999
2022-01-01,Insurance & Financial Services,61980000,29279.24,4723.9819296547275
2022-01-01,Miscellaneous And Speciality Retail Outlets,13760000,1060.75,770.8938953488372
2022-01-01,Miscellaneous General Merchandise,56120000,3211.66,572.2843905915895
2022-01-01,Miscellaneous Personal Services Not Elsewhere Classified,102360000,6598.58,644.6443923407581
2022-01-01,"Motor Freight Carriers And Trucking Local And Long Distance, Moving And Storage Companies And Local Delivery",11920000,965.33,809.8406040268457
2022-01-01,Petroleum And Petroleum Products,49540000,4307.73,869.5458215583366
2022-01-01,Tolls And Bridge Fees,10110000,767.47,759.1196834817013
2022-01-01,Travel & Transport,78540000,5381.36,685.1744334097275
2022-01-01,Utilities & Bill Payment,335660000,11929.01,355.3896800333671
2022-02-01,Bakeries,13420000,312.35,232.74962742175856
2022-02-01,Business Services Not Elsewhere Classified,33680000,2810.53,834.4804038004752
2022-02-01,Caterers,10490000,316.3,301.52526215443277
2022-02-01,Debit Card To Wallet Credit (Wallet Top Up),37890000,3539.65,934.1910794404856
2022-02-01,Debt Collection Agencies,37040000,28777.2,7769.2224622030235
2022-02-01,Department Stores,22360000,1309.16,585.4919499105546
2022-02-01,Digital Goods: Games,92630000,2731.19,294.8494008420598
2022-02-01,Electronics Shops,9810000,1897.2,1933.9449541284403
2022-02-01,Food & Beverages,434690000,13629.39,313.54275460673125
2022-02-01,Government Services Not Elsewhere Classified,10800000,1437.14,1330.6851851851854
2022-02-01,Grocery & Supermarkets,230030000,11189.9,486.45394079033167
2022-02-01,Health And Beauty Spas,53800000,2001.93,372.1059479553903
2022-02-01,Healthcare & Pharmacy,21280000,1103.87,518.735902255639
2022-02-01,Insurance & Financial Services,55680000,28046.97,5037.171336206897
2022-02-01,Miscellaneous And Speciality Retail Outlets,12630000,1073.9,850.27711797308
2022-02-01,Miscellaneous General Merchandise,55570000,3429.9,617.221522404175
2022-02-01,Miscellaneous Personal Services Not Elsewhere Classified,96660000,5971.68,617.8026070763501
2022-02-01,"Motor Freight Carriers And Trucking Local And Long Distance, Moving And Storage Companies And Local Delivery",12250000,960.34,783.9510204081632
2022-02-01,Petroleum And Petroleum Products,46910000,4389.12,935.6469835855894
2022-02-01,Tolls And Bridge Fees,10790000,802.4,743.6515291936979
2022-02-01,Travel & Transport,83300000,5766.52,692.2593037214887
2022-02-01,Utilities & Bill Payment,308100000,11131.05,361.28042843232714
2022-03-01,Bakeries,13160000,313.19,237.98632218844986
2022-03-01,Business Services Not Elsewhere Classified,38300000,2756.99,719.840731070496
2022-03-01,Caterers,12890000,405.99,314.96508921644687
2022-03-01,Debit Card To Wallet Credit (Wallet Top Up),43550000,4033.79,926.2433983926521
2022-03-01,Debt Collection Agencies,42160000,34643.9,8217.243833017077
2022-03-01,Department Stores,25620000,1471.08,574.192037470726
2022-03-01,Digital Goods: Games,97860000,3064.34,313.13509094624976
2022-03-01,Electronics Shops,13770000,2474.61,1797.1023965141612
2022-03-01,Food & Beverages,547780000,17042.9,311.1267297090073
2022-03-01,Government Services Not Elsewhere Classified,13120000,1884.12,1436.0670731707316
2022-03-01,Grocery & Supermarkets,263810000,12786.7,484.6935294340624
2022-03-01,Health And Beauty Spas,42160000,1519.02,360.2988614800759
2022-03-01,Healthcare & Pharmacy,22580000,1180.67,522.8830823737821
2022-03-01,Insurance & Financial Services,49890000,26340.53,5279.721387051513
2022-03-01,Miscellaneous And Speciality Retail Outlets,12080000,1130.02,935.4470198675497
2022-03-01,Miscellaneous General Merchandise,92220000,5289.58,573.58273693342
2022-03-01,Miscellaneous Personal Services Not Elsewhere Classified,124240000,6824.35,549.2876690276884
2022-03-01,"Motor Freight Carriers And Trucking Local And Long Distance, Moving And Storage Companies And Local Delivery",14030000,1064.98,759.0734141126159
2022-03-01,Petroleum And Petroleum Products,46270000,4772.82,1031.515020531662
2022-03-01,Tolls And Bridge Fees,11440000,864.08,755.3146853146853
2022-03-01,Travel & Transport,89440000,6525.17,729.5583631484794
2022-03-01,Utilities & Bill Payment,352820000,12358.710000000001,350.28371407516585
2022-04-01,Business Services Not Elsewhere Classified,57150000,3048.87,533.485564304462
2022-04-01,Caterers,11400000,399.9,350.7894736842105
2022-04-01,"Computer Programming, Data Processing And Integrated Systems Design Services",7120000,154.11,216.4466292134832
2022-04-01,Courier Services Air And Ground And Freight Forwarders,8710000,558.79,641.5499425947187
2022-04-01,Debit Card To Wallet Credit (Wallet Top Up),57690000,4169.15,722.6815739296238
2022-04-01,Debt Collection Agencies,37170000,32412.65,8720.11030400861
2022-04-01,Department Stores,20180000,1318.1,653.1714568880079
2022-04-01,Digital Goods: Games,139900000,3142.9,224.65332380271622
2022-04-01,Electronics Shops,16790000,2500.5,1489.2793329362717
2022-04-01,Food & Beverages,669320000,21893.75,327.10437458913526
2022-04-01,Government Services Not Elsewhere Classified,12370000,1853.76,1498.5933710590136
2022-04-01,Grocery & Supermarkets,240960000,11891.71,493.5138612217795
2022-04-01,Healthcare & Pharmacy,14930000,865.72,579.8526456798393
2022-04-01,Insurance & Financial Services,40350000,25269.47,6262.570012391574
2022-04-01,Miscellaneous General Merchandise,158620000,9172.09,578.2429706216114
2022-04-01,Miscellaneous Personal Services Not Elsewhere Classified,130250000,6845.18,525.5416506717851
2022-04-01,"Motor Freight Carriers And Trucking Local And Long Distance, Moving And Storage Companies And Local Delivery",13710000,1044.33,761.7286652078775
2022-04-01,Petroleum And Petroleum Products,25620000,3763.17,1468.84074941452
2022-04-01,Taxi-Cabs And Limousines,8310000,249.51,300.2527075812274
2022-04-01,Tolls And Bridge Fees,10930000,796.88,729.0759377859104
2022-04-01,Travel & Transport,68770000,5598.52,814.0933546604625
2022-04-01,Utilities & Bill Payment,330910000,11189.39,338.13997763742407
2022-05-01,Bakeries,27960000,531.77,190.189556509299
2022-05-01,Business Services Not Elsewhere Classified,47470000,3577.33,753.5980619338529
2022-05-01,Caterers,14500000,513.59,354.2
2022-05-01,Dairies,17730000,567.0,319.79695431472084
2022-05-01,Debit Card To Wallet Credit (Wallet Top Up),62450000,4287.28,686.5140112089672
2022-05-01,Debt Collection Agencies,43030000,38703.45,8994.527074134325
2022-05-01,Department Stores,30650000,1715.74,559.7846655791191
2022-05-01,Digital Goods: Games,164840000,4341.06,263.34991506915804
2022-05-01,Electronics Shops,17360000,2937.7,1692.2235023041474
2022-05-01,Food & Beverages,551770000,16925.55,306.7500951483408
2022-05-01,Government Services Not Elsewhere Classified,16520000,2223.3,1345.8232445520582
2022-05-01,Grocery & Supermarkets,333190000,15692.19,470.9682163330232
2022-05-01,Healthcare & Pharmacy,34920000,1592.6,456.0710194730813
2022-05-01,Insurance & Financial Services,53860000,35457.96,6583.356851095433
2022-05-01,Miscellaneous And Speciality Retail Outlets,22300000,1363.32,611.3542600896861
2022-05-01,Miscellaneous General Merchandise,102460000,6323.49,617.1666991996876
2022-05-01,Miscellaneous Personal Services Not Elsewhere Classified,177880000,9182.35,516.2103665392399
2022-05-01,"Motor Freight Carriers And Trucking Local And Long Distance, Moving And Storage Companies And Local Delivery",17210000,1268.37,736.995932597327
2022-05-01,Petroleum And Petroleum Products,34940000,4528.77,1296.1562678878079
2022-05-01,Travel & Transport,115550000,8895.970000000001,769.8805711813069
2022-05-01,Utilities & Bill Payment,379980000,13911.18,366.1029527869888
2022-06-01,Bakeries,44990000,773.35,171.8937541675928
2022-06-01,Business Services Not Elsewhere Classified,20710000,2694.42,1301.0236600676003
2022-06-01,Caterers,14250000,469.92,329.7684210526316
2022-06-01,Dairies,25700000,654.72,254.75486381322958
2022-06-01,Debit Card To Wallet Credit (Wallet Top Up),60850000,4159.78,683.6121610517666
2022-06-01,Debt Collection Agencies,41810000,39529.55,9454.568285099258
2022-06-01,Department Stores,35700000,1839.17,515.1736694677871
2022-06-01,Digital Goods: Games,145400000,5300.66,364.5570839064649
2022-06-01,Electronics Shops,15020000,2733.0,1819.5739014647138
2022-06-01,Food & Beverages,408410000,9879.289999999999,241.8963786391126
2022-06-01,Government Services Not Elsewhere Classified,17990000,2489.68,1383.9244024458033
2022-06-01,Grocery & Supermarkets,392880000,18310.02,466.0461209529627
2022-06-01,Healthcare & Pharmacy,50560000,2167.9,428.7776898734177
2022-06-01,Insurance & Financial Services,56510000,29303.32,5185.510529109892
2022-06-01,Miscellaneous And Speciality Retail Outlets,36150000,1596.32,441.582295988935
2022-06-01,Miscellaneous Apparel And Accessory Shops,17440000,2337.56,1340.3440366972477
2022-06-01,Miscellaneous General Merchandise,63110000,4302.7,681.7778482015528
2022-06-01,Miscellaneous Personal Services Not Elsewhere Classified,215790000,10622.44,492.2582140043561
2022-06-01,"Motor Freight Carriers And Trucking Local And Long Distance, Moving And Storage Companies And Local Delivery",18750000,1425.56,760.2986666666667
2022-06-01,Petroleum And Petroleum Products,15040000,3046.06,2025.3058510638298
2022-06-01,Tolls And Bridge Fees,13790000,1017.24,737.6649746192893
2022-06-01,Travel & Transport,141170000,10512.52,744.6709640858539
2022-06-01,Utilities & Bill Payment,373750000,14074.99,376.5883612040134
2022-07-01,Bakeries,58140000,908.81,156.3140694874441
2022-07-01,Business Services Not Elsewhere Classified,21880000,2990.01,1366.5493601462524
2022-07-01,Dairies,32090000,730.0,227.4851978809598
2022-07-01,Debit Card To Wallet Credit (Wallet Top Up),67270000,4448.81,661.336405529954
2022-07-01,Debt Collection Agencies,46300000,44566.98,9625.697624190067
2022-07-01,Department Stores,41690000,2020.11,484.55504917246344
2022-07-01,Digital Goods: Games,177370000,6549.38,369.24959124992955
2022-07-01,Electronics Shops,19120000,2969.18,1552.918410041841
2022-07-01,Food & Beverages,507240000,10579.720000000001,208.5742449333649
2022-07-01,Government Services Not Elsewhere Classified,19630000,2915.68,1485.3183902190524
2022-07-01,Grocery & Supermarkets,486650000,21112.57,433.8347888626323
2022-07-01,Healthcare & Pharmacy,65569999,2619.9,399.5577306627685
2022-07-01,Insurance & Financial Services,58470000,28747.800000000003,4916.675218060544
2022-07-01,Miscellaneous And Speciality Retail Outlets,58810000,1847.65,314.172759734739
2022-07-01,Miscellaneous Apparel And Accessory Shops,21970000,2683.06,1221.2380518889395
2022-07-01,Miscellaneous General Merchandise,63110000,4401.58,697.4457296783394
2022-07-01,Miscellaneous Personal Services Not Elsewhere Classified,247740000,11563.22,466.74820376200853
2022-07-01,"Motor Freight Carriers And Trucking Local And Long Distance, Moving And Storage Companies And Local Delivery",18500000,1337.7,723.081081081081
2022-07-01,Petroleum And Petroleum Products,18990000,3271.38,1722.6856240126383
2022-07-01,"Stationery, Office Supplies And Printing And Writing Paper",15180000,1272.34,838.1686429512516
2022-07-01,Tolls And Bridge Fees,13640000,990.43,726.1217008797654
2022-07-01,Travel & Transport,148970000,10298.88,691.339195811237
2022-07-01,Utilities & Bill Payment,398490000,13925.349999999999,349.4529348289794
2022-08-01,Bakeries,65500000,1016.97,155.26259541984732
2022-08-01,Business Services Not Elsewhere Classified,23600000,3064.16,1298.3728813559321
2022-08-01,Dairies,37180000,837.89,225.3604088219473
2022-08-01,Debit Card To Wallet Credit (Wallet Top Up),62810000,4302.97,685.0772170036619
2022-08-01,Debt Collection Agencies,48190000,44519.47,9238.321228470637
2022-08-01,Department Stores,59320000,2360.82,397.98044504383006
2022-08-01,Digital Goods: Games,207390000,7681.32,370.38044264429334
2022-08-01,Electronics Shops,20560000,2971.88,1445.4669260700389
2022-08-01,Food & Beverages,604100000,11607.17,192.13987750372456
2022-08-01,Government Services Not Elsewhere Classified,18670000,2536.12,1358.393144081414
2022-08-01,Grocery & Supermarkets,502080000,20707.96,412.4434353091141
2022-08-01,Healthcare & Pharmacy,74360000,2912.91,391.7307692307692
2022-08-01,Insurance & Financial Services,56780000,31190.989999999998,5493.30574145826
2022-08-01,Miscellaneous And Speciality Retail Outlets,69060000,2001.3,289.7914856646394
2022-08-01,Miscellaneous Apparel And Accessory Shops,24150000,2966.92,1228.5383022774326
2022-08-01,Miscellaneous General Merchandise,63980000,4480.59,700.3110346983432
2022-08-01,Miscellaneous Personal Services Not Elsewhere Classified,266980000,12036.33,450.83264664019777
2022-08-01,"Motor Freight Carriers And Trucking Local And Long Distance, Moving And Storage Companies And Local Delivery",19190000,1389.64,724.1479937467432
2022-08-01,Petroleum And Petroleum Products,17390000,3306.17,1901.1903392754457
2022-08-01,"Stationery, Office Supplies And Printing And Writing Paper",14790000,1241.85,839.6551724137931
2022-08-01,Tolls And Bridge Fees,14750000,1050.45,712.1694915254237
2022-08-01,Travel & Transport,161840000,10675.97,659.662011863569
2022-08-01,Utilities & Bill Payment,431860000,14828.699999999999,343.3682211827907
2022-09-01,Bakeries,73830000,1087.91,147.35337938507382
2022-09-01,Business Services Not Elsewhere Classified,24460000,2854.98,1167.203597710548
2022-09-01,Dairies,44210000,909.51,205.724949106537
2022-09-01,Debit Card To Wallet Credit (Wallet Top Up),50670000,3874.8,764.7128478389579
2022-09-01,Debt Collection Agencies,49940000,46042.91,9219.645574689628
2022-09-01,Department Stores,79810000,3053.0,382.5335171031199
2022-09-01,Digital Goods: Games,217170000,8036.53,370.05709812589214
2022-09-01,Electronics Shops,20970000,3011.51,1436.1039580352888
2022-09-01,Food & Beverages,696840000,12085.62,173.43464783881524
2022-09-01,Freezer And Locker Meat Provisioners,17340000,582.97,336.199538638985
2022-09-01,Government Services Not Elsewhere Classified,20340000,2473.13,1215.8947885939037
2022-09-01,Grocery & Supermarkets,469770000,17810.01,379.1219107222683
2022-09-01,Healthcare & Pharmacy,81180000,3155.45,388.6979551613698
2022-09-01,Insurance & Financial Services,62060000,37072.22,5973.609410248147
2022-09-01,Miscellaneous And Speciality Retail Outlets,81100000,2229.67,274.9284833538841
2022-09-01,Miscellaneous Apparel And Accessory Shops,24540000,3011.63,1227.233088834556
2022-09-01,Miscellaneous General Merchandise,66450000,4805.17,723.1256583897667
2022-09-01,Miscellaneous Personal Services Not Elsewhere Classified,281010000,12517.54,445.4482046902246
2022-09-01,"Motor Freight Carriers And Trucking Local And Long Distance, Moving And Storage Companies And Local Delivery",23400000,1707.91,729.8760683760684
2022-09-01,Professional Services Not Elsewhere Classified,17410000,967.82,555.8989086731764
2022-09-01,Tolls And Bridge Fees,17190000,1213.04,705.6660849331006
2022-09-01,Travel & Transport,168950000,10943.91,647.7602841077241
2022-09-01,Utilities & Bill Payment,487200000,17692.62,363.1490147783251
2022-10-01,Bakeries,78030000,1303.11,167.00115340253745
2022-10-01,Beauty And Barber Shops,19730000,683.32,346.33552965027883
2022-10-01,Business Services Not Elsewhere Classified,27130000,2991.39,1102.6133431625508
2022-10-01,Dairies,45490000,1059.82,232.97867663222686
2022-10-01,Debit Card To Wallet Credit (Wallet Top Up),50540000,4047.74,800.8982983775228
2022-10-01,Debt Collection Agencies,52660000,50382.92,9567.58830231675
2022-10-01,Department Stores,96940000,3574.97,368.7817206519497
2022-10-01,Digital Goods: Games,222120000,7012.47,315.7063749324689
2022-10-01,Electronics Shops,24620000,3709.19,1506.5759545085295
2022-10-01,Food & Beverages,754269999,14354.57,190.31076430231982
2022-10-01,Freezer And Locker Meat Provisioners,20580000,723.53,351.5694849368319
2022-10-01,Government Services Not Elsewhere Classified,22230000,2554.72,1149.2217723796668
2022-10-01,Grocery & Supermarkets,491000000,20151.3,410.4134419551935
2022-10-01,Healthcare & Pharmacy,88450000,3394.13,383.7343131712832
2022-10-01,Insurance & Financial Services,61410000,36479.82000000001,5940.37127503664
2022-10-01,Miscellaneous And Speciality Retail Outlets,85260000,2771.22,325.0316678395496
2022-10-01,Miscellaneous Apparel And Accessory Shops,33420000,4752.19,1421.9599042489524
2022-10-01,Miscellaneous General Merchandise,71250000,5195.85,729.2421052631579
2022-10-01,Miscellaneous Personal Services Not Elsewhere Classified,308580000,14575.65,472.3459070581373
2022-10-01,"Motor Freight Carriers And Trucking Local And Long Distance, Moving And Storage Companies And Local Delivery",26230000,2030.81,774.2317956538315
2022-10-01,Professional Services Not Elsewhere Classified,21930000,1286.61,586.689466484268
2022-10-01,Travel & Transport,184180000,12432.54,675.0211749375611
2022-10-01,Utilities & Bill Payment,535420000,18715.86,349.5547420716447
2022-11-01,Bakeries,81510000,1205.59,147.90700527542631
2022-11-01,Business Services Not Elsewhere Classified,23240000,2556.8,1100.172117039587
2022-11-01,Dairies,45280000,990.0,218.63957597173146
2022-11-01,Debit Card To Wallet Credit (Wallet Top Up),44510000,3572.25,802.5724556279488
2022-11-01,Debt Collection Agencies,50580000,48321.8,9553.53894820087
2022-11-01,Department Stores,104010000,3365.24,323.5496586866647
2022-11-01,Digital Goods: Games,211840000,6247.77,294.9287197885197
2022-11-01,Electronics Shops,23040000,3180.43,1380.3949652777778
2022-11-01,Food & Beverages,804730000,13526.96,168.09314925502963
2022-11-01,Freezer And Locker Meat Provisioners,22700000,744.73,328.0748898678414
2022-11-01,Government Services Not Elsewhere Classified,24710000,2687.57,1087.6446782679077
2022-11-01,Grocery & Supermarkets,492490000,19523.28,396.4198257832646
2022-11-01,Healthcare & Pharmacy,91640000,3534.35,385.67765168048885
2022-11-01,Insurance & Financial Services,63870000,34480.79,5398.589322060435
2022-11-01,Miscellaneous And Speciality Retail Outlets,87140000,2486.17,285.3075510672481
2022-11-01,Miscellaneous Apparel And Accessory Shops,29660000,4071.52,1372.730950775455
2022-11-01,Miscellaneous General Merchandise,69890000,4675.81,669.0241808556303
2022-11-01,Miscellaneous Personal Services Not Elsewhere Classified,322950000,13919.57,431.013159931878
2022-11-01,"Motor Freight Carriers And Trucking Local And Long Distance, Moving And Storage Companies And Local Delivery",23150000,1673.83,723.036717062635
2022-11-01,Professional Services Not Elsewhere Classified,23620000,1248.71,528.666384419983
2022-11-01,Tolls And Bridge Fees,19960000,1515.83,759.4338677354709
2022-11-01,Travel & Transport,186690000,12983.75,695.4711018265574
2022-11-01,Utilities & Bill Payment,514930000,17992.12,349.40904588973257
2022-12-01,Bakeries,90810000,1445.48,159.17630216936462
2022-12-01,Beauty And Barber Shops,21830000,768.19,351.8964727439304
2022-12-01,Business Services Not Elsewhere Classified,24600000,2690.74,1093.7967479674796
2022-12-01,Dairies,48580000,1092.2,224.82503087690407
2022-12-01,Debit Card To Wallet Credit (Wallet Top Up),47000000,3998.23,850.6872340425532
2022-12-01,Debt Collection Agencies,57000000,52006.03,9123.864912280702
2022-12-01,Department Stores,116610000,3707.95,317.9787325272275
2022-12-01,Digital Goods: Games,194540000,6240.67,320.79109694664334
2022-12-01,Electronics Shops,25390000,3358.7,1322.8436392280425
2022-12-01,Food & Beverages,883280000,15229.13,172.4156552848474
2022-12-01,Freezer And Locker Meat Provisioners,25660000,874.01,340.61184723304757
2022-12-01,Government Services Not Elsewhere Classified,26220000,2919.79,1113.5736079328756
2022-12-01,Grocery & Supermarkets,533690000,21469.37,402.28166163877904
2022-12-01,Healthcare & Pharmacy,98730000,3784.9,383.35865491745164
2022-12-01,Insurance & Financial Services,68570000,37824.8,5516.231588158086
2022-12-01,Miscellaneous And Speciality Retail Outlets,94690000,2617.67,276.44629844756577
2022-12-01,Miscellaneous Apparel And Accessory Shops,33119999,4392.69,1326.295329900221
2022-12-01,Miscellaneous General Merchandise,82230000,5107.18,621.0847622522194
2022-12-01,Miscellaneous Personal Services Not Elsewhere Classified,356760000,15092.07,423.0314497140935
2022-12-01,"Motor Freight Carriers And Trucking Local And Long Distance, Moving And Storage Companies And Local Delivery",25620000,1846.85,720.8626073380171
2022-12-01,Professional Services Not Elsewhere Classified,27400000,1418.17,517.5802919708029
2022-12-01,Travel & Transport,200180000,14012.57,699.9985013487861
2022-12-01,Utilities & Bill Payment,555690000,18379.24,330.74627940038516
2023-01-01,Bakeries,90900000,1373.38,151.0869086908691
2023-01-01,Beauty And Barber Shops,22390000,754.48,336.97186243858863
2023-01-01,Business Services Not Elsewhere Classified,26610000,2874.68,1080.3006388575723
2023-01-01,Dairies,49950000,1136.82,227.5915915915916
2023-01-01,Debit Card To Wallet Credit (Wallet Top Up),45320000,3864.38,852.6875551632833
2023-01-01,Debt Collection Agencies,64890000,56682.85,8735.221143473571
2023-01-01,Department Stores,126900000,3872.16,305.13475177304963
2023-01-01,Digital Goods: Games,234750000,7131.77,303.8027689030884
2023-01-01,Electronics Shops,25970000,3524.14,1357.0042356565268
2023-01-01,Food & Beverages,913810000,15545.199999999999,170.1141375121743
2023-01-01,Freezer And Locker Meat Provisioners,28390000,947.61,333.7830221909123
2023-01-01,Government Services Not Elsewhere Classified,27390000,3057.44,1116.2614092734575
2023-01-01,Grocery & Supermarkets,564020000,22344.42,396.1636112194602
2023-01-01,Healthcare & Pharmacy,102560000,3884.3,378.73439937597504
2023-01-01,Insurance & Financial Services,65660000,38873.16,5920.3716113311
2023-01-01,Miscellaneous And Speciality Retail Outlets,96640000,2801.27,289.86651490066225
2023-01-01,Miscellaneous Apparel And Accessory Shops,32430000,4462.01,1375.8896083872958
2023-01-01,Miscellaneous General Merchandise,92960000,5439.95,585.1925559380379
2023-01-01,Miscellaneous Personal Services Not Elsewhere Classified,368300000,15308.25,415.6462123269074
2023-01-01,"Motor Freight Carriers And Trucking Local And Long Distance, Moving And Storage Companies And Local Delivery",22700000,1583.58,697.6123348017621
2023-01-01,Professional Services Not Elsewhere Classified,30300000,1505.95,497.013201320132
2023-01-01,Travel & Transport,204780000,14051.71,686.1856626623694
2023-01-01,Utilities & Bill Payment,579160000,18509.29,319.58854202638304
2023-02-01,Bakeries,99620000,1481.92,148.75727765508935
2023-02-01,Beauty And Barber Shops,26000000,896.91,344.9653846153846
2023-02-01,"Candy, Nut And Confectionery Shops",22390000,434.62,194.1134435015632
2023-02-01,Dairies,58750000,1329.79,226.3472340425532
2023-02-01,Debit Card To Wallet Credit (Wallet Top Up),68220000,4473.96,655.8135444151276
2023-02-01,Debt Collection Agencies,48520000,38625.0,7960.634789777411
2023-02-01,Department Stores,184980000,4107.39,222.0450859552384
2023-02-01,Digital Goods: Games,201010000,6424.79,319.62539177155367
2023-02-01,Electronics Shops,26320000,3714.55,1411.3031914893618
2023-02-01,Food & Beverages,831660000,14164.970000000001,170.3216458648967
2023-02-01,Freezer And Locker Meat Provisioners,30120000,964.33,320.1626826029216
2023-02-01,Government Services Not Elsewhere Classified,26430000,2608.63,986.9958380628074
2023-02-01,Grocery & Supermarkets,756860000,24910.12,329.1245408662104
2023-02-01,Healthcare & Pharmacy,108390000,4047.6,373.4292831442015
2023-02-01,Insurance & Financial Services,63770000,33165.62,5200.818566724165
2023-02-01,"Mens, Womens And Childrens Uniforms And Commercial Clothing",25850000,2980.07,1152.8317214700194
2023-02-01,Miscellaneous And Speciality Retail Outlets,30190000,2218.25,734.7631666114607
2023-02-01,Miscellaneous General Merchandise,37500000,2768.73,738.328
2023-02-01,Miscellaneous Personal Services Not Elsewhere Classified,89880000,5189.7,577.4032042723632
2023-02-01,Professional Services Not Elsewhere Classified,30590000,1489.55,486.9401765282772
2023-02-01,Travel & Transport,198650000,13745.04,691.9224767178455
2023-02-01,Utilities & Bill Payment,501510000,16236.01,323.74249765707566
2023-02-01,Variety Stores,36090000,2111.95,585.1898032696038
2023-03-01,Bakeries,115190000,1639.71,142.3482941227537
2023-03-01,Beauty And Barber Shops,27900000,865.99,310.39068100358423
2023-03-01,"Candy, Nut And Confectionery Shops",28030000,529.25,188.8155547627542
2023-03-01,Dairies,72540000,1493.22,205.84780810587262
2023-03-01,Debit Card To Wallet Credit (Wallet Top Up),75290000,4773.32,633.9912338956036
2023-03-01,Debt Collection Agencies,56840000,45878.79,8071.567558057706
2023-03-01,Department Stores,233370000,4863.2,208.3901101255517
2023-03-01,Digital Goods: Games,237740000,7613.77,320.2561621939934
2023-03-01,Electronics Shops,31550000,4417.02,1400.0063391442159
2023-03-01,Food & Beverages,919350000,15429.93,167.8352096589982
2023-03-01,Freezer And Locker Meat Provisioners,35140000,1139.09,324.1576550939101
2023-03-01,Government Services Not Elsewhere Classified,26050000,3550.97,1363.1362763915547
2023-03-01,Grocery & Supermarkets,933010000,28892.81,309.6731010385741
2023-03-01,Healthcare & Pharmacy,121200000,4604.47,379.90676567656766
2023-03-01,Insurance & Financial Services,70490000,36291.34,5148.438076322882
2023-03-01,"Mens, Womens And Childrens Uniforms And Commercial Clothing",35330000,3918.47,1109.1055759977357
2023-03-01,Miscellaneous General Merchandise,55060000,4345.14,789.1645477660734
2023-03-01,Miscellaneous Personal Services Not Elsewhere Classified,67980000,2858.58,420.50308914386585
2023-03-01,"Motor Freight Carriers And Trucking Local And Long Distance, Moving And Storage Companies And Local Delivery",22710000,1684.32,741.664464993395
2023-03-01,Online Marketplaces,30750000,2668.59,867.8341463414635
2023-03-01,Professional Services Not Elsewhere Classified,34780000,1741.91,500.8366877515814
2023-03-01,Travel & Transport,230830000,15673.32,678.9983970887666
2023-03-01,Utilities & Bill Payment,586370000,18424.629999999997,314.21508603782587
2023-03-01,Variety Stores,46780000,2807.09,600.0619923044036
2023-04-01,Bakeries,117000000,1657.14,141.63589743589745
2023-04-01,Beauty And Barber Shops,30330000,969.9,319.782393669634
2023-04-01,"Candy, Nut And Confectionery Shops",30880000,553.46,179.22927461139898
2023-04-01,Dairies,79160000,1552.4,196.10914603335019
2023-04-01,Debit Card To Wallet Credit (Wallet Top Up),79450000,4722.89,594.4480805538075
2023-04-01,Debt Collection Agencies,58040000,44817.78,7721.878015161958
2023-04-01,Department Stores,240700000,5174.8,214.98961362692148
2023-04-01,Digital Goods: Games,340880000,8086.72,237.230697019479
2023-04-01,Electronics Shops,36650000,5135.0,1401.0914051841746
2023-04-01,Food & Beverages,960080000,16279.570000000002,169.56472377301895
2023-04-01,Freezer And Locker Meat Provisioners,36380000,1182.8,325.1236943375481
2023-04-01,Government Services Not Elsewhere Classified,23460000,3297.0,1405.3708439897698
2023-04-01,Grocery & Supermarkets,949920000,27967.29,294.4173193532087
2023-04-01,Healthcare & Pharmacy,117080000,4429.68,378.3464297915955
2023-04-01,Insurance & Financial Services,65600000,31440.15,4792.705792682927
2023-04-01,"Mens, Womens And Childrens Uniforms And Commercial Clothing",41020000,4765.99,1161.8698196001951
2023-04-01,Miscellaneous General Merchandise,52790000,4964.33,940.3921197196439
2023-04-01,Miscellaneous Personal Services Not Elsewhere Classified,59640000,2147.52,360.0804828973843
2023-04-01,Online Marketplaces,40170000,3337.3,830.7941249688822
2023-04-01,Taxi-Cabs And Limousines,23460000,592.95,252.74936061381075
2023-04-01,Tolls And Bridge Fees,24070000,1858.33,772.0523473203158
2023-04-01,Travel & Transport,237720000,16450.29,692.0027763755679
2023-04-01,Utilities & Bill Payment,589470000,18374.59,311.71374285375
2023-04-01,Variety Stores,50490000,2986.13,591.4299861358685
2023-05-01,Bakeries,128490000,1843.19,143.45007393571484
2023-05-01,Beauty And Barber Shops,31680000,1014.12,320.1136363636364
2023-05-01,"Candy, Nut And Confectionery Shops",35480000,636.36,179.35738444193913
2023-05-01,Dairies,83840000,1630.22,194.44417938931298
2023-05-01,Debit Card To Wallet Credit (Wallet Top Up),98250000,5547.62,564.6432569974555
2023-05-01,Debt Collection Agencies,59850000,45479.77,7598.959064327484
2023-05-01,Department Stores,268300000,5799.48,216.15654118524037
2023-05-01,Digital Goods: Games,325680000,8116.78,249.2256202407271
2023-05-01,Electronics Shops,39370000,5516.04,1401.0769621539243
2023-05-01,Food & Beverages,1045160000,17801.47,170.3229170653297
2023-05-01,Freezer And Locker Meat Provisioners,37450000,1236.17,330.08544726301733
2023-05-01,Government Services Not Elsewhere Classified,24630000,3259.25,1323.2846122614696
2023-05-01,Grocery & Supermarkets,1003540000,29411.79,293.080395400283
2023-05-01,Healthcare & Pharmacy,119200000,4644.23,389.61661073825496
2023-05-01,Insurance & Financial Services,72190000,32575.88,4512.519739576119
2023-05-01,"Mens, Womens And Childrens Uniforms And Commercial Clothing",39950000,4453.98,1114.8886107634542
2023-05-01,Miscellaneous General Merchandise,36010000,3634.42,1009.2807553457372
2023-05-01,Miscellaneous Personal Services Not Elsewhere Classified,65370000,2390.48,365.6845647850696
2023-05-01,Online Marketplaces,48180000,4409.36,915.1847239518472
2023-05-01,Taxi-Cabs And Limousines,25430000,655.47,257.75462052693666
2023-05-01,Tolls And Bridge Fees,26890000,1990.11,740.0929713648196
2023-05-01,Travel & Transport,263180000,18012.53,684.418648833498
2023-05-01,Utilities & Bill Payment,630529999,20904.75,331.5425123809216
2023-05-01,Variety Stores,52240000,3060.45,585.844180704441
2023-06-01,Bakeries,131740000,1855.44,140.84105055412175
2023-06-01,Beauty And Barber Shops,32580000,991.0,304.1743400859423
2023-06-01,"Candy, Nut And Confectionery Shops",37750000,657.61,174.20132450331127
2023-06-01,Dairies,85290000,1621.76,190.1465587993903
2023-06-01,Debit Card To Wallet Credit (Wallet Top Up),94430000,5780.17,612.1116170708461
2023-06-01,Debt Collection Agencies,62440000,48094.0,7702.434336963485
2023-06-01,Department Stores,308290000,6730.08,218.30354536313212
2023-06-01,Digital Goods: Games,204870000,7385.91,360.5169131644457
2023-06-01,Education,26000000,1030.8,396.46153846153845
2023-06-01,Electronics Shops,38770000,5453.95,1406.7449058550426
2023-06-01,Food & Beverages,1076070000,18325.89,170.30388357634726
2023-06-01,Freezer And Locker Meat Provisioners,41580000,1408.5,338.7445887445887
2023-06-01,Government Services Not Elsewhere Classified,28390000,3867.92,1362.4233885170834
2023-06-01,Grocery & Supermarkets,1012260000,28977.99,286.27022701677436
2023-06-01,Healthcare & Pharmacy,125410000,4863.88,387.83829040746355
2023-06-01,Insurance & Financial Services,79040000,33251.63,4206.9369939271255
2023-06-01,"Mens, Womens And Childrens Uniforms And Commercial Clothing",39580000,4058.1,1025.2905507832238
2023-06-01,Miscellaneous General Merchandise,41360000,4047.83,978.6823017408124
2023-06-01,Miscellaneous Personal Services Not Elsewhere Classified,66650000,2492.24,373.9294823705926
2023-06-01,Online Marketplaces,31820000,3067.87,964.1326209930861
2023-06-01,Taxi-Cabs And Limousines,25900000,632.39,244.16602316602317
2023-06-01,Travel & Transport,269750000,18072.85,669.9851714550509
2023-06-01,Utilities & Bill Payment,609760000,22335.670000000002,366.30264366308063
2023-06-01,Variety Stores,51690000,2882.78,557.7055523312054
2023-07-01,Bakeries,131860000,1902.37,144.27195510389808
2023-07-01,Beauty And Barber Shops,34910000,1008.97,289.02033801203095
2023-07-01,"Candy, Nut And Confectionery Shops",39990000,699.88,175.0137534383596
2023-07-01,Cigar Shops And Stands,35700000,273.65,76.65266106442577
2023-07-01,Dairies,80660000,1568.53,194.46193900322342
2023-07-01,Debit Card To Wallet Credit (Wallet Top Up),91700000,5944.14,648.2159214830971
2023-07-01,Debt Collection Agencies,66410000,55027.89,8286.08492696883
2023-07-01,Department Stores,343670000,7032.92,204.64166205953384
2023-07-01,Digital Goods: Games,212050000,8160.71,384.84838481490215
2023-07-01,Electronics Shops,40300000,5163.26,1281.2059553349875
2023-07-01,Food & Beverages,1152260000,19217.09,166.77737663374586
2023-07-01,Freezer And Locker Meat Provisioners,39480000,1263.77,320.10385005065854
2023-07-01,Government Services Not Elsewhere Classified,30170000,4843.81,1605.5054690089496
2023-07-01,Grocery & Supermarkets,1105500000,31148.53,281.75965626413387
2023-07-01,Healthcare & Pharmacy,149380000,5595.82,374.60302584013925
2023-07-01,Household Appliance Shops,30630000,3061.74,999.5886385896179
2023-07-01,Insurance & Financial Services,90260000,45490.23,5039.9102592510535
2023-07-01,"Mens, Womens And Childrens Uniforms And Commercial Clothing",39040000,3727.59,954.813012295082
2023-07-01,Miscellaneous General Merchandise,45140000,4348.47,963.3296411165263
2023-07-01,Miscellaneous Personal Services Not Elsewhere Classified,71060000,2511.96,353.4984520123839
2023-07-01,Online Marketplaces,29380000,2948.42,1003.5466303607897
2023-07-01,Travel & Transport,285630000,17959.1,628.7539824248154
2023-07-01,Utilities & Bill Payment,658660000,24642.13,374.12519357483376
2023-07-01,Variety Stores,33570000,2030.41,604.8287161155794
2023-08-01,Bakeries,138790000,2013.94,145.10699618128106
2023-08-01,Beauty And Barber Shops,38140000,1114.86,292.30728893550076
2023-08-01,"Candy, Nut And Confectionery Shops",45710000,838.21,183.3756289652155
2023-08-01,Cigar Shops And Stands,43240000,331.55,76.67668825161887
2023-08-01,Dairies,85970000,1731.81,201.44352681167848
2023-08-01,Debit Card To Wallet Credit (Wallet Top Up),80900000,5620.39,694.7330037082818
2023-08-01,Debt Collection Agencies,68190000,57104.1,8374.263088429389
2023-08-01,Department Stores,381990000,7619.69,199.47354642791697
2023-08-01,Digital Goods: Games,241730000,8970.19,371.0830265171886
2023-08-01,Education,31430000,939.13,298.80050906776967
2023-08-01,Electronics Shops,42060000,5246.3,1247.3371374227295
2023-08-01,Food & Beverages,1249680000,20524.13,164.2350841815505
2023-08-01,Freezer And Locker Meat Provisioners,37210000,1168.37,313.9935501209352
2023-08-01,Government Services Not Elsewhere Classified,34930000,4213.05,1206.140853134841
2023-08-01,Grocery & Supermarkets,1189240000,32386.44,272.32888231139214
2023-08-01,Healthcare & Pharmacy,165900000,6104.89,367.98613622664254
2023-08-01,Household Appliance Shops,35320000,3311.8,937.6557191392978
2023-08-01,Insurance & Financial Services,96040000,44205.380000000005,4602.809246147439
2023-08-01,"Mens, Womens And Childrens Uniforms And Commercial Clothing",45790000,4500.1,982.7691635728324
2023-08-01,Miscellaneous General Merchandise,45220000,4316.64,954.5864661654135
2023-08-01,Miscellaneous Personal Services Not Elsewhere Classified,78220000,2710.43,346.51367936589105
2023-08-01,Taxi-Cabs And Limousines,31310000,698.26,223.0150111785372
2023-08-01,Travel & Transport,303640000,18309.84,603.0114609405875
2023-08-01,Utilities & Bill Payment,661220000,24439.36,369.6101146365809
2023-09-01,Bakeries,134990000,1931.35,143.07356100451887
2023-09-01,Beauty And Barber Shops,37730000,1100.37,291.64325470447915
2023-09-01,"Candy, Nut And Confectionery Shops",44940000,810.8,180.41833555852247
2023-09-01,Cigar Shops And Stands,42760000,326.22,76.2909260991581
2023-09-01,Dairies,84110000,1722.63,204.80680061823801
2023-09-01,Debit Card To Wallet Credit (Wallet Top Up),68790000,5270.4,766.1578717836895
2023-09-01,Debt Collection Agencies,67420000,55046.9,8164.77306437259
2023-09-01,Department Stores,391830000,7620.06,194.47362376540846
2023-09-01,Digital Goods: Games,254640000,9061.02,355.8364750235627
2023-09-01,Education,30150000,891.12,295.5621890547264
2023-09-01,Electronics Shops,41010000,4889.66,1192.3091928797853
2023-09-01,Food & Beverages,1246130000,20293.98,162.85604230698243
2023-09-01,Freezer And Locker Meat Provisioners,41860000,1350.52,322.62780697563306
2023-09-01,Government Services Not Elsewhere Classified,33500000,4098.66,1223.4805970149255
2023-09-01,Grocery & Supermarkets,1189430000,31925.3,268.40839729954683
2023-09-01,Healthcare & Pharmacy,164840000,6236.44,378.3329289007522
2023-09-01,Household Appliance Shops,33340000,3109.94,932.7954409118176
2023-09-01,Insurance & Financial Services,99010000,46544.22,4700.961519038481
2023-09-01,"Mens, Womens And Childrens Uniforms And Commercial Clothing",42940000,4201.22,978.3931066604564
2023-09-01,Miscellaneous General Merchandise,40390000,4019.2,995.0977964842783
2023-09-01,Miscellaneous Personal Services Not Elsewhere Classified,77950000,2634.03,337.91276459268767
2023-09-01,Taxi-Cabs And Limousines,31320000,700.91,223.78991060025544
2023-09-01,Travel & Transport,303450000,18058.36,595.1016641950898
2023-09-01,Utilities & Bill Payment,653390000,24301.21,371.92503711412786
2023-10-01,Bakeries,144490000,2069.01,143.19399266385219
2023-10-01,Beauty And Barber Shops,42080000,1291.9,307.01045627376425
2023-10-01,"Candy, Nut And Confectionery Shops",50110000,916.94,182.98543204949112
2023-10-01,Cigar Shops And Stands,45250000,351.31,77.63756906077349
2023-10-01,Dairies,91810000,1897.5,206.6768325890426
2023-10-01,Debit Card To Wallet Credit (Wallet Top Up),60720000,5054.93,832.4983530961791
2023-10-01,Debt Collection Agencies,70010000,58951.17,8420.392801028425
2023-10-01,Department Stores,437650000,9363.45,213.948360562093
2023-10-01,Digital Goods: Games,283450000,8451.03,298.14887987299346
2023-10-01,Electronics Shops,46970000,5647.12,1202.2823078560784
2023-10-01,Food & Beverages,1355140000,21860.35,161.31432914680403
2023-10-01,Freezer And Locker Meat Provisioners,46690000,1533.05,328.3465410152067
2023-10-01,Government Services Not Elsewhere Classified,33780000,3990.93,1181.4476021314388
2023-10-01,Grocery & Supermarkets,1288510000,34201.73,265.43627911308414
2023-10-01,Healthcare & Pharmacy,178380000,6618.67,371.04327839443886
2023-10-01,Household Appliance Shops,40150000,4208.25,1048.13200498132
2023-10-01,Insurance & Financial Services,103400000,50704.479999999996,4903.721470019342
2023-10-01,"Mens, Womens And Childrens Uniforms And Commercial Clothing",53030000,5634.86,1062.5796718838394
2023-10-01,Miscellaneous General Merchandise,40150000,4203.38,1046.9190535491905
2023-10-01,Miscellaneous Personal Services Not Elsewhere Classified,85890000,2901.13,337.7727325649086
2023-10-01,"Motor Freight Carriers And Trucking Local And Long Distance, Moving And Storage Companies And Local Delivery",33420000,3055.49,914.2698982645121
2023-10-01,Online Marketplaces,36800000,4096.47,1113.171195652174
2023-10-01,Taxi-Cabs And Limousines,33540000,752.67,224.40966010733453
2023-10-01,Travel & Transport,327170000,20242.04,618.7009811413027
2023-10-01,Utilities & Bill Payment,632380000,23980.949999999997,379.21740092982066
2023-11-01,Bakeries,139540000,2199.23,157.60570445750324
2023-11-01,Beauty And Barber Shops,42260000,1365.75,323.1779460482726
2023-11-01,"Candy, Nut And Confectionery Shops",48360000,1129.79,233.62076095947063
2023-11-01,Cigar Shops And Stands,43350000,351.69,81.1280276816609
2023-11-01,Dairies,79990000,1934.91,241.89398674834354
2023-11-01,Debit Card To Wallet Credit (Wallet Top Up),68050000,5217.95,766.7817781043351
2023-11-01,Debt Collection Agencies,69220000,58929.16,8513.314071077722
2023-11-01,Department Stores,380460000,8755.82,230.1377280134574
2023-11-01,Digital Goods: Games,289470000,8486.2,293.1633675337686
2023-11-01,Electronics Shops,48170000,6224.73,1292.2420593730535
2023-11-01,Family Clothing Shops,33330000,2926.5,878.037803780378
2023-11-01,Food & Beverages,1304350000,22498.98,172.49189251351248
2023-11-01,Freezer And Locker Meat Provisioners,46660000,1490.06,319.3441920274325
2023-11-01,Government Services Not Elsewhere Classified,34790000,4016.81,1154.5875251509053
2023-11-01,Grocery & Supermarkets,1267000000,36180.22,285.5581689029203
2023-11-01,Healthcare & Pharmacy,166910000,6397.46,383.28799952069977
2023-11-01,Household Appliance Shops,33670000,3653.18,1084.995544995545
2023-11-01,Insurance & Financial Services,99630000,44899.75,4506.649603533072
2023-11-01,Mens And Womens Clothing Shops,35470000,4914.66,1385.58218212574
2023-11-01,"Mens, Womens And Childrens Uniforms And Commercial Clothing",63260000,7348.08,1161.5681315207082
2023-11-01,Miscellaneous General Merchandise,38070000,4199.51,1103.102180194379
2023-11-01,Miscellaneous Personal Services Not Elsewhere Classified,82850000,3026.75,365.3289076644538
2023-11-01,"Package Shops Beer, Wine And Liquor",32330000,1355.61,419.30405196411994
2023-11-01,Travel & Transport,326190000,20710.18,634.9115546154082
2023-11-01,Utilities & Bill Payment,643490000,23600.059999999998,366.7509984615145
2023-12-01,Bakeries,154900000,2385.9,154.02840542285347
2023-12-01,Beauty And Barber Shops,45640000,1435.11,314.44127957931636
2023-12-01,Business Services Not Elsewhere Classified,36740000,4399.86,1197.566684812194
2023-12-01,"Candy, Nut And Confectionery Shops",50800000,1035.22,203.78346456692913
2023-12-01,Dairies,86850000,1972.87,227.15831894070237
2023-12-01,Debit Card To Wallet Credit (Wallet Top Up),90970000,5931.84,652.0655161042101
2023-12-01,Debt Collection Agencies,71570000,59869.88,8365.22006427274
2023-12-01,Department Stores,326530000,7046.58,215.80191712859462
2023-12-01,Digital Goods: Games,287000000,9193.3,320.3240418118467
2023-12-01,Education,34070000,960.13,281.81097739947165
2023-12-01,Electronics Shops,49160000,5559.82,1130.9641985353946
2023-12-01,Food & Beverages,1483570000,25388.02,171.12788746065235
2023-12-01,Freezer And Locker Meat Provisioners,56920000,1806.09,317.30323260716796
2023-12-01,Government Services Not Elsewhere Classified,43820000,4983.27,1137.2136010953905
2023-12-01,Grocery & Supermarkets,1424630000,37752.0,264.99512154032976
2023-12-01,Healthcare & Pharmacy,177320000,6703.23,378.030115046244
2023-12-01,Insurance & Financial Services,100720000,55409.55,5501.345313741064
2023-12-01,Mens And Womens Clothing Shops,36630000,4706.87,1284.976794976795
2023-12-01,"Mens, Womens And Childrens Uniforms And Commercial Clothing",58100000,5963.7,1026.4543889845095
2023-12-01,Miscellaneous General Merchandise,38080000,3892.49,1022.1875
2023-12-01,Miscellaneous Personal Services Not Elsewhere Classified,85480000,2764.63,323.42419279363594
2023-12-01,"Package Shops Beer, Wine And Liquor",41240000,1772.32,429.75751697381185
2023-12-01,Travel & Transport,344290000,22251.43,646.2990502192919
2023-12-01,Utilities & Bill Payment,697170000,24345.77,349.2085144225942
2024-01-01,Bakeries,152350000,2220.59,145.7558254020348
2024-01-01,Beauty And Barber Shops,44870000,1343.9,299.5096946735012
2024-01-01,"Candy, Nut And Confectionery Shops",53410000,1010.06,189.1143980527991
2024-01-01,Dairies,88700000,2030.76,228.94701240135288
2024-01-01,Debit Card To Wallet Credit (Wallet Top Up),85790000,5622.9,655.4260403310409
2024-01-01,Debt Collection Agencies,74280000,60916.27,8200.897953688745
2024-01-01,Department Stores,335560000,7136.98,212.68863988556444
2024-01-01,Digital Goods: Games,294540000,9634.28,327.0958104162423
2024-01-01,Education,34240000,942.15,275.1606308411215
2024-01-01,Electronics Shops,50020000,5711.27,1141.7972810875651
2024-01-01,Food & Beverages,1551530000,26600.21,171.44502523315694
2024-01-01,Freezer And Locker Meat Provisioners,57380000,1808.7,315.21436040432206
2024-01-01,Government Services Not Elsewhere Classified,46840000,5162.98,1102.258753202391
2024-01-01,Grocery & Supermarkets,1480210000,38445.3,259.7286871457428
2024-01-01,Healthcare & Pharmacy,176210000,6648.95,377.3310254809602
2024-01-01,Insurance & Financial Services,108400000,79260.8,7311.881918819188
2024-01-01,Mens And Womens Clothing Shops,34840000,4380.93,1257.4425947187142
2024-01-01,"Mens, Womens And Childrens Uniforms And Commercial Clothing",56590000,5782.09,1021.7511927902457
2024-01-01,Miscellaneous General Merchandise,43430000,4228.39,973.6104075523831
2024-01-01,Miscellaneous Personal Services Not Elsewhere Classified,83300000,2677.88,321.4741896758703
2024-01-01,"Package Shops Beer, Wine And Liquor",43280000,1853.47,428.25092421441775
2024-01-01,Travel & Transport,374820000,24114.34,643.3578784483219
2024-01-01,Utilities & Bill Payment,720180000,24575.45,341.24038434835734
2024-02-01,Bakeries,156750000,2201.03,140.4165869218501
2024-02-01,Beauty And Barber Shops,47960000,1466.61,305.79858215179314
2024-02-01,"Candy, Nut And Confectionery Shops",58270000,1050.99,180.36553972884846
2024-02-01,Cigar Shops And Stands,52140000,383.97,73.6421173762946
2024-02-01,Dairies,95150000,2200.87,231.30530740935365
2024-02-01,Debit Card To Wallet Credit (Wallet Top Up),76990000,4618.7,599.909079101182
2024-02-01,Debt Collection Agencies,74440000,60929.84,8185.094035464804
2024-02-01,Department Stores,330550000,7205.34,217.9803358039631
2024-02-01,Digital Goods: Games,259610000,9341.91,359.8439967643773
2024-02-01,Electronics Repair Shops,63300000,1917.23,302.87993680884676
2024-02-01,Electronics Shops,49440000,5866.02,1186.492718446602
2024-02-01,Food & Beverages,1510760000,22940.9,151.85006222033942
2024-02-01,Freezer And Locker Meat Provisioners,56100000,1768.2,315.18716577540107
2024-02-01,Government Services Not Elsewhere Classified,45510000,4940.9,1085.6734783564052
2024-02-01,Grocery & Supermarkets,1440350000,36600.03,254.10511334050753
2024-02-01,Healthcare & Pharmacy,180550000,6723.39,372.3838271946829
2024-02-01,Insurance & Financial Services,97170000,67072.64,6902.6078007615515
2024-02-01,"Mens, Womens And Childrens Uniforms And Commercial Clothing",47930000,4895.21,1021.3248487377425
2024-02-01,Miscellaneous General Merchandise,46740000,4422.29,946.1467693624305
2024-02-01,"Package Shops Beer, Wine And Liquor",48570000,2030.94,418.1470043236566
2024-02-01,Travel & Transport,390090000,24531.29,628.8623138250148
2024-02-01,Utilities & Bill Payment,730400000,26696.69,365.5078039430449
2024-02-01,Variety Stores,33750000,1952.01,578.3733333333333
2024-03-01,Bakeries,175930000,2490.28,141.54947990678113
2024-03-01,Beauty And Barber Shops,51370000,1506.84,293.33073778469924
2024-03-01,"Candy, Nut And Confectionery Shops",71520000,1237.81,173.07186800894854
2024-03-01,Cigar Shops And Stands,59030000,440.55,74.6315432830764
2024-03-01,Dairies,116550000,2579.54,221.32475332475332
2024-03-01,Debt Collection Agencies,85870000,67179.02,7823.339932456038
2024-03-01,Department Stores,242810000,5527.52,227.64795519130186
2024-03-01,Digital Goods: Games,364590000,11151.01,305.8506815875367
2024-03-01,Electronics Repair Shops,66170000,2068.78,312.6462142965091
2024-03-01,Electronics Shops,53120000,6857.05,1290.8603162650602
2024-03-01,Food & Beverages,1641880000,25625.96,156.07693619509342
2024-03-01,Freezer And Locker Meat Provisioners,64879999,2091.93,322.43064615337
2024-03-01,Government Services Not Elsewhere Classified,49590000,6064.45,1222.9179270014115
2024-03-01,Grocery & Supermarkets,1799430000,44040.04,244.74439127946073
2024-03-01,Healthcare & Pharmacy,189750000,7254.61,382.3246376811594
2024-03-01,Insurance & Financial Services,96230000,57547.729999999996,5980.227579756833
2024-03-01,Mens And Womens Clothing Shops,40580000,5382.39,1326.3652045342533
2024-03-01,"Mens, Womens And Childrens Uniforms And Commercial Clothing",53660000,5576.78,1039.2806559821095
2024-03-01,Miscellaneous General Merchandise,52110000,4601.65,883.0646708885051
2024-03-01,"Package Shops Beer, Wine And Liquor",59770000,2554.26,427.3481679772462
2024-03-01,Travel & Transport,435150000,27047.699999999997,621.5718717683557
2024-03-01,Utilities & Bill Payment,831140000,30266.879999999997,364.1610318357918
2024-03-01,Variety Stores,41030000,2321.55,565.8176943699732
2024-05-01,Bakeries,190120000,2711.74,142.63307384809593
2024-05-01,Beauty And Barber Shops,53610000,1570.15,292.88379033762357
2024-05-01,"Candy, Nut And Confectionery Shops",80560000,1294.48,160.68520357497516
2024-05-01,Cigar Shops And Stands,62570000,471.7,75.3875659261627
2024-05-01,Dairies,133570000,2890.45,216.39964063786778
2024-05-01,Debt Collection Agencies,95290000,66071.5,6933.728617903243
2024-05-01,Department Stores,174110000,4028.13,231.35546493596001
2024-05-01,Digital Goods: Games,379210000,12727.25,335.625379077556
2024-05-01,Electronics Repair Shops,66959999,2213.79,330.61380422063627
2024-05-01,Electronics Shops,57980000,9123.39,1573.5408761641945
2024-05-01,Food & Beverages,1801760000,28681.56,159.18635112334607
2024-05-01,Freezer And Locker Meat Provisioners,67110000,2288.59,341.02071226344805
2024-05-01,Government Services Not Elsewhere Classified,51880000,5532.61,1066.4244410177332
2024-05-01,Grocery & Supermarkets,2023710000,47666.52,235.54027009798833
2024-05-01,Healthcare & Pharmacy,188120000,7569.49,402.37561131192854
2024-05-01,Insurance & Financial Services,98830000,70866.95999999999,7170.591925528684
2024-05-01,"Mens, Womens And Childrens Uniforms And Commercial Clothing",55430000,5086.56,917.6546996211439
2024-05-01,Online Marketplaces,58370000,5262.53,901.5812917594654
2024-05-01,"Package Shops Beer, Wine And Liquor",64470000,2821.94,437.7136652706685
2024-05-01,Travel & Transport,464300000,29538.94,636.2037475769977
2024-05-01,Utilities & Bill Payment,899369999,36532.659999999996,406.2027868465734
2024-05-01,Variety Stores,45740000,2630.95,575.19676432007
2024-06-01,Bakeries,189540000,2711.38,143.05054342091378
2024-06-01,Beauty And Barber Shops,54630000,1565.27,286.5220574775764
2024-06-01,"Candy, Nut And Confectionery Shops",78150000,1306.73,167.20793346129238
2024-06-01,Cigar Shops And Stands,63210000,475.57,75.23651320993514
2024-06-01,Dairies,127970000,2791.75,218.1565992029382
2024-06-01,Debt Collection Agencies,97030000,68244.64,7033.35463258786
2024-06-01,Department Stores,171390000,3964.18,231.295874905187
2024-06-01,Digital Goods: Games,352070000,12540.62,356.19677904962083
2024-06-01,Electronics Repair Shops,64620000,2111.92,326.82141751779636
2024-06-01,Electronics Shops,55520000,8009.8,1442.6873198847263
2024-06-01,Food & Beverages,1766700000,27622.300000000003,156.34969151525442
2024-06-01,Freezer And Locker Meat Provisioners,70280000,2385.38,339.41092771770064
2024-06-01,Government Services Not Elsewhere Classified,49310000,5653.35,1146.4915838572297
2024-06-01,Grocery & Supermarkets,1909320000,46060.73,241.24154149121156
2024-06-01,Healthcare & Pharmacy,190910000,7531.52,394.5063118747054
2024-06-01,Insurance & Financial Services,101460000,78129.23999999999,7700.4967474866935
2024-06-01,Mens And Womens Clothing Shops,40970000,4819.0,1176.2265072003906
2024-06-01,"Mens, Womens And Childrens Uniforms And Commercial Clothing",57230000,5063.2,884.7108160055915
2024-06-01,Online Marketplaces,57230000,5167.03,902.8533985671851
2024-06-01,"Package Shops Beer, Wine And Liquor",67380000,2892.88,429.3380825170674
2024-06-01,Taxi-Cabs And Limousines,42090000,994.54,236.28890472796388
2024-06-01,Travel & Transport,477420000,29682.99,621.737463868292
2024-06-01,Utilities & Bill Payment,897200000,34679.18,386.52674988854216
2024-06-01,Variety Stores,47360000,2649.79,559.4995777027027
2024-07-01,Bakeries,196340000,2776.43,141.4092900071305
2024-07-01,Beauty And Barber Shops,55500000,1644.13,296.2396396396397
2024-07-01,"Candy, Nut And Confectionery Shops",76690000,1328.03,173.16860086060765
2024-07-01,Cigar Shops And Stands,66379999,493.56,74.35372212042365
2024-07-01,Dairies,126640000,2996.73,236.63376500315857
2024-07-01,Debt Collection Agencies,106870000,76285.03,7138.114531673997
2024-07-01,Department Stores,181520000,3941.66,217.1474217717056
2024-07-01,Digital Goods: Games,363280000,13693.28,376.9345959039859
2024-07-01,Electronics Repair Shops,64700000,2060.64,318.4914992272025
2024-07-01,Electronics Shops,57340000,7664.93,1336.7509591907917
2024-07-01,Food & Beverages,1827810000,27455.64,150.21057987427577
2024-07-01,Freezer And Locker Meat Provisioners,69270000,2216.4,319.96535296665223
2024-07-01,Government Services Not Elsewhere Classified,61210000,8595.49,1404.2623754288516
2024-07-01,Grocery & Supermarkets,1957330000,45998.27,235.00518563553408
2024-07-01,Healthcare & Pharmacy,215930000,8380.91,388.1308757467698
2024-07-01,Insurance & Financial Services,70830000,73841.65,10425.194126782437
2024-07-01,Mens And Womens Clothing Shops,41660000,4898.23,1175.763322131541
2024-07-01,"Mens, Womens And Childrens Uniforms And Commercial Clothing",54340000,4749.98,874.1221935958777
2024-07-01,Online Marketplaces,65629999,6326.63,963.9844730151527
2024-07-01,"Package Shops Beer, Wine And Liquor",68480000,2843.87,415.2847546728972
2024-07-01,Taxi-Cabs And Limousines,44650000,985.09,220.6248600223964
2024-07-01,Travel & Transport,501660000,29733.1,592.6942550731571
2024-07-01,Utilities & Bill Payment,961530000,41471.9,431.3115555416888
2024-07-01,Variety Stores,47960000,2572.62,536.4095079232694
2024-08-01,Bakeries,210410000,3040.91,144.52307399838412
2024-08-01,Beauty And Barber Shops,59380000,1766.33,297.46210845402493
2024-08-01,"Candy, Nut And Confectionery Shops",83680000,1570.31,187.65654875717019
2024-08-01,Cigar Shops And Stands,70300000,519.06,73.83499288762445
2024-08-01,Dairies,134370000,3397.57,252.85182704472726
2024-08-01,Debt Collection Agencies,104670000,69345.64,6625.168625203019
2024-08-01,Department Stores,193630000,4280.34,221.05768734183752
2024-08-01,Digital Goods: Games,303430000,11615.28,382.7993276867811
2024-08-01,Electronics Repair Shops,65569999,2006.51,306.01037526323586
2024-08-01,Electronics Shops,63300000,7990.94,1262.391785150079
2024-08-01,Food & Beverages,1941130000,29375.370000000003,151.33128641564448
2024-08-01,Freezer And Locker Meat Provisioners,65010000,2025.67,311.59360098446393
2024-08-01,Government Services Not Elsewhere Classified,58920000,6273.05,1064.672437202987
2024-08-01,Grocery & Supermarkets,2092739999,48087.96,229.78468430372845
2024-08-01,Healthcare & Pharmacy,233630000,8988.46,384.73055686341644
2024-08-01,Insurance & Financial Services,66980000,58716.46,8766.267542550015
2024-08-01,Mens And Womens Clothing Shops,47590000,5806.14,1220.0336205085102
2024-08-01,"Mens, Womens And Childrens Uniforms And Commercial Clothing",61970000,5433.08,876.7274487655317
2024-08-01,Online Marketplaces,60200000,5060.58,840.6279069767442
2024-08-01,"Package Shops Beer, Wine And Liquor",70280000,2943.19,418.7805919180421
2024-08-01,Taxi-Cabs And Limousines,47250000,1041.79,220.48465608465608
2024-08-01,Travel & Transport,566320000,32346.74,571.1742477751095
2024-08-01,Utilities & Bill Payment,946710000,36983.1,390.6486674905726
2024-08-01,Variety Stores,49520000,2570.9,519.1639741518578
2024-09-01,Bakeries,207960000,2975.85,143.09723023658395
2024-09-01,Beauty And Barber Shops,60410000,1706.8,282.5360039728522
2024-09-01,"Candy, Nut And Confectionery Shops",80970000,1444.78,178.4339878967519
2024-09-01,Cigar Shops And Stands,134640000,860.02,63.87551990493167
2024-09-01,Dairies,134470000,3303.52,245.6696660965271
2024-09-01,Debt Collection Agencies,103640000,66775.7,6443.043226553455
2024-09-01,Department Stores,133729999,3834.56,286.73895376309696
2024-09-01,Digital Goods: Games,264470000,9245.22,349.5753771694332
2024-09-01,Electronics Repair Shops,64390000,1953.2,303.3390277993477
2024-09-01,Electronics Shops,62210000,7937.08,1275.8527567915125
2024-09-01,Food & Beverages,1965890000,29176.789999999997,148.41517073691813
2024-09-01,Freezer And Locker Meat Provisioners,75000000,2353.11,313.748
2024-09-01,Government Services Not Elsewhere Classified,61080000,6307.81,1032.7128356254095
2024-09-01,Grocery & Supermarkets,2132280000,48518.73,227.5438966739828
2024-09-01,Healthcare & Pharmacy,235820000,9065.51,384.42498515817147
2024-09-01,Insurance & Financial Services,66470000,57662.8,8675.011283285692
2024-09-01,Mens And Womens Clothing Shops,50680000,6384.23,1259.7138910812942
2024-09-01,"Mens, Womens And Childrens Uniforms And Commercial Clothing",59160000,5181.19,875.7927653820147
2024-09-01,Online Marketplaces,67030000,6127.5,914.1429210801134
2024-09-01,"Package Shops Beer, Wine And Liquor",73790000,3070.56,416.1214256674346
2024-09-01,Taxi-Cabs And Limousines,50040000,1066.9,213.20943245403677
2024-09-01,Travel & Transport,563450000,31937.46,566.8197710533321
2024-09-01,Utilities & Bill Payment,923110000,36749.09,398.1008763852628
2024-09-01,Variety Stores,51420000,2669.84,519.222092570984
2024-10-01,Bakeries,221890000,3508.9,158.13691468745776
2024-10-01,Beauty And Barber Shops,68950000,2114.97,306.73966642494554
2024-10-01,"Candy, Nut And Confectionery Shops",91990000,1942.28,211.14034134145015
2024-10-01,Cigar Shops And Stands,244040000,1546.57,63.37362727421734
2024-10-01,Dairies,145960000,3766.47,258.04809536859415
2024-10-01,Debt Collection Agencies,112550000,73783.87,6555.6525988449575
2024-10-01,Department Stores,57400000,4272.42,744.3240418118467
2024-10-01,Digital Goods: Games,289820000,9768.65,337.05920916430887
2024-10-01,Electronics Repair Shops,71590000,2308.65,322.48219025003493
2024-10-01,Electronics Shops,71420000,9720.1,1360.9773172780733
2024-10-01,Family Clothing Shops,49290000,4809.43,975.7415297220532
2024-10-01,Food & Beverages,2132940000,33233.590000000004,155.81118081146215
2024-10-01,Freezer And Locker Meat Provisioners,75840000,2517.1,331.8960970464135
2024-10-01,Government Services Not Elsewhere Classified,70720000,6799.26,961.4338235294117
2024-10-01,Grocery & Supermarkets,2366120000,58098.95,245.5452386184978
2024-10-01,Healthcare & Pharmacy,244700000,9422.72,385.07233346955456
2024-10-01,Insurance & Financial Services,76880000,79010.69,10277.14490114464
2024-10-01,Mens And Womens Clothing Shops,70560000,9410.68,1333.7131519274376
2024-10-01,"Mens, Womens And Childrens Uniforms And Commercial Clothing",82890000,8489.14,1024.1452527446013
2024-10-01,Online Marketplaces,78150000,6563.69,839.8835572616762
2024-10-01,"Package Shops Beer, Wine And Liquor",79520000,3420.09,430.09180080482895
2024-10-01,Taxi-Cabs And Limousines,54290000,1173.04,216.06925769018235
2024-10-01,Travel & Transport,573840000,33028.5,575.5698452530322
2024-10-01,Utilities & Bill Payment,947100000,38232.850000000006,403.68334917115413
2024-10-01,Variety Stores,56500000,3221.42,570.1628318584071
2024-11-01,Bakeries,209030000,3135.49,150.0019136009185
2024-11-01,Beauty And Barber Shops,61420000,1928.54,313.9921849560404
2024-11-01,"Candy, Nut And Confectionery Shops",76930000,1569.08,203.96204341609254
2024-11-01,Cigar Shops And Stands,227590000,1417.14,62.267234940023734
2024-11-01,Dairies,126750000,3466.95,273.5266272189349
2024-11-01,Debt Collection Agencies,107950000,68979.14,6389.915701713757
2024-11-01,Department Stores,53540000,3925.5,733.1901382144191
2024-11-01,Digital Goods: Games,279250000,8883.18,318.1085049239033
2024-11-01,Electronics Repair Shops,64540000,2053.9,318.2367524016114
2024-11-01,Electronics Shops,61490000,8090.52,1315.745649699138
2024-11-01,Food & Beverages,2011120000,30969.480000000003,153.9912088786348
2024-11-01,Freezer And Locker Meat Provisioners,78560000,2530.09,322.05829938900206
2024-11-01,Government Services Not Elsewhere Classified,62600000,6623.67,1058.094249201278
2024-11-01,Grocery & Supermarkets,2184810000,51777.65,236.98925764711805
2024-11-01,Healthcare & Pharmacy,237270000,9269.28,390.66380073334176
2024-11-01,Insurance & Financial Services,63940000,51931.4,8121.895527056616
2024-11-01,Mens And Womens Clothing Shops,66019999,8743.58,1324.383540205749
2024-11-01,"Mens, Womens And Childrens Uniforms And Commercial Clothing",72910000,7343.25,1007.1663694966397
2024-11-01,Online Marketplaces,56120000,4372.54,779.1411261582324
2024-11-01,"Package Shops Beer, Wine And Liquor",81790000,3471.46,424.43575009169825
2024-11-01,Taxi-Cabs And Limousines,53430000,1159.77,217.06344750140372
2024-11-01,Travel & Transport,599930000,36736.35,612.3439401263481
2024-11-01,Utilities & Bill Payment,907030000,36890.240000000005,406.71466213906933
2024-11-01,Variety Stores,52550000,3138.28,597.198858230257
2025-01-01,Bakeries,231410000,3439.06,148.61328378203189
2025-01-01,Beauty And Barber Shops,67940000,1964.33,289.12717103326463
2025-01-01,"Candy, Nut And Confectionery Shops",82420000,1622.92,196.90851735015772
2025-01-01,Cigar Shops And Stands,258970000,1600.98,61.82106035448121
2025-01-01,Dairies,139330000,3662.14,262.83930237565494
2025-01-01,Debt Collection Agencies,128180000,75855.43,5917.883445155249
2025-01-01,Department Stores,61740000,4044.3,655.0534499514091
2025-01-01,Digital Goods: Games,321590000,10138.84,315.2722410522715
2025-01-01,Electronics Repair Shops,67570000,2041.08,302.0689655172414
2025-01-01,Electronics Shops,67550000,8401.88,1243.80162842339
2025-01-01,Food & Beverages,2208470000,32919.63,149.06079774685642
2025-01-01,Freezer And Locker Meat Provisioners,93360000,3027.02,324.23093401885177
2025-01-01,Government Services Not Elsewhere Classified,78260000,8306.26,1061.367237413749
2025-01-01,Grocery & Supermarkets,2421740000,56040.86,231.4074178070313
2025-01-01,Healthcare & Pharmacy,246130000,9634.51,391.4398894892943
2025-01-01,Insurance & Financial Services,69670000,63749.83,9150.255490167934
2025-01-01,Mens And Womens Clothing Shops,70700000,9055.62,1280.8514851485152
2025-01-01,"Mens, Womens And Childrens Uniforms And Commercial Clothing",70440000,6771.85,961.3642816581488
2025-01-01,Online Marketplaces,64840000,4964.6,765.6693399136335
2025-01-01,"Package Shops Beer, Wine And Liquor",91970000,3928.91,427.19473741437423
2025-01-01,Purchase Of Digital Gold,50930000,761.6,149.53858236795602
2025-01-01,Taxi-Cabs And Limousines,58940000,1184.44,200.95690532745164
2025-01-01,Travel & Transport,581360000,34043.7,585.5872437044172
2025-01-01,Utilities & Bill Payment,989240000,37291.32,376.96939064332213
2025-01-01,Variety Stores,57420000,3359.23,585.0278648554511
2025-02-01,Bakeries,219330000,3183.22,145.1338166233529
2025-02-01,Beauty And Barber Shops,66560000,1987.42,298.5907451923077
2025-02-01,"Candy, Nut And Confectionery Shops",81340000,1583.89,194.72461273666096
2025-02-01,Cigar Shops And Stands,244610000,1509.33,61.70352806508319
2025-02-01,Dairies,137960000,3593.66,260.48564801391706
2025-02-01,Debt Collection Agencies,123780000,76001.18,6140.021005008885
2025-02-01,Department Stores,55020000,3673.15,667.6026899309342
2025-02-01,Digital Goods: Games,329180000,9819.53,298.302752293578
2025-02-01,Electronics Repair Shops,63660000,1927.79,302.82595036129436
2025-02-01,Electronics Shops,61640000,8001.32,1298.0726800778716
2025-02-01,Food & Beverages,2083860000,30740.82,147.51864328697704
2025-02-01,Freezer And Locker Meat Provisioners,80670000,2610.0,323.5403495723317
2025-02-01,Government Services Not Elsewhere Classified,76080000,7907.32,1039.342797055731
2025-02-01,Grocery & Supermarkets,2337300000,53191.68,227.5774611731485
2025-02-01,Healthcare & Pharmacy,235260000,9137.81,388.4132449205135
2025-02-01,Insurance & Financial Services,55960000,44593.96,7968.899213724088
2025-02-01,Mens And Womens Clothing Shops,60920000,8076.66,1325.7813525935653
2025-02-01,"Mens, Womens And Childrens Uniforms And Commercial Clothing",59420000,5889.72,991.2016156176371
2025-02-01,Online Marketplaces,63810000,4526.55,709.379407616361
2025-02-01,"Package Shops Beer, Wine And Liquor",91130000,3887.16,426.5510808734775
2025-02-01,Purchase Of Digital Gold,53130000,813.93,153.1959345002823
2025-02-01,Taxi-Cabs And Limousines,56220000,1099.61,195.5905371753824
2025-02-01,Travel & Transport,560199999,33398.76,596.1935033848509
2025-02-01,Utilities & Bill Payment,928010000,34290.81,369.5090570144718
2025-02-01,Variety Stores,58510000,3266.88,558.3455819518031
2025-04-01,Bakeries,240610000,3540.67,147.1539005028885
2025-04-01,Beauty And Barber Shops,71680000,2122.1,296.05189732142856
2025-04-01,"Candy, Nut And Confectionery Shops",100880000,1814.7,179.88699444885012
2025-04-01,Cigar Shops And Stands,270990000,1750.68,64.60312188641647
2025-04-01,Dairies,172160000,4354.63,252.9408689591078
2025-04-01,Debt Collection Agencies,135740000,80788.65,5951.720200383085
2025-04-01,Department Stores,64099999,4306.86,671.8970463634485
2025-04-01,Digital Goods: Games,505370000,10530.66,208.37524981696578
2025-04-01,Electronics Repair Shops,71920000,2212.6,307.64738598442716
2025-04-01,Electronics Shops,78350000,11034.98,1408.4211869814933
2025-04-01,Food & Beverages,2265470000,33879.12,149.54565719254725
2025-04-01,Freezer And Locker Meat Provisioners,87580000,2892.29,330.2454898378625
2025-04-01,Government Services Not Elsewhere Classified,89500000,8932.49,998.0435754189945
2025-04-01,Grocery & Supermarkets,2699030000,60073.81,222.57555492158295
2025-04-01,Healthcare & Pharmacy,239030000,9654.27,403.89365351629505
2025-04-01,Insurance & Financial Services,53650000,48902.82,9115.157502329916
2025-04-01,Mens And Womens Clothing Shops,77900000,10400.23,1335.0744544287547
2025-04-01,"Mens, Womens And Childrens Uniforms And Commercial Clothing",70210000,7402.0,1054.2657741062526
2025-04-01,Online Marketplaces,75760000,5170.52,682.4868004223866
2025-04-01,"Package Shops Beer, Wine And Liquor",109020000,4681.52,429.41845532929744
2025-04-01,Purchase Of Digital Gold,68400000,978.24,143.01754385964912
2025-04-01,Taxi-Cabs And Limousines,61500000,1173.21,190.7658536585366
2025-04-01,Travel & Transport,620660000,37728.33,607.8743595527342
2025-04-01,Utilities & Bill Payment,1019350000,37384.22,366.74567126109775
2025-04-01,Variety Stores,60500000,3435.06,567.7785123966942
2025-05-01,Bakeries,257120000,3865.32,150.33136278780336
2025-05-01,Beauty And Barber Shops,74890000,2202.25,294.0646281212445
2025-05-01,"Candy, Nut And Confectionery Shops",104430000,1925.94,184.42401608733124
2025-05-01,Cigar Shops And Stands,290880000,1888.9,64.93743124312431
2025-05-01,Dairies,172620000,4452.53,257.93824585795386
2025-05-01,Debt Collection Agencies,145470000,90133.03,6195.987488829312
2025-05-01,Department Stores,67960000,4525.5,665.9064155385521
2025-05-01,Digital Goods: Games,420820000,10634.88,252.7180267097571
2025-05-01,Electronics Repair Shops,74820000,2313.5,309.2087677091687
2025-05-01,Electronics Shops,78810000,11012.13,1397.301103920822
2025-05-01,Family Clothing Shops,54930000,4900.77,892.1845985800111
2025-05-01,Food & Beverages,2380620000,36297.15,152.4693147163344
2025-05-01,Freezer And Locker Meat Provisioners,100890000,3360.59,333.0944593121221
2025-05-01,Government Services Not Elsewhere Classified,98240000,8821.95,897.9997964169381
2025-05-01,Grocery & Supermarkets,2826090000,64483.81,228.17323581343837
2025-05-01,Healthcare & Pharmacy,251910000,10306.01,409.1147632090826
2025-05-01,Mens And Womens Clothing Shops,82550000,11092.78,1343.7649909145973
2025-05-01,"Mens, Womens And Childrens Uniforms And Commercial Clothing",71340000,7176.69,1005.9840201850294
2025-05-01,Online Marketplaces,90970000,6342.46,697.2034736726393
2025-05-01,"Package Shops Beer, Wine And Liquor",141160000,6035.54,427.56729951827714
2025-05-01,Purchase Of Digital Gold,79430000,983.24,123.78698224852072
2025-05-01,Taxi-Cabs And Limousines,64090000,1226.37,191.35122484006862
2025-05-01,Travel & Transport,661960000,40323.979999999996,609.1603722279291
2025-05-01,Utilities & Bill Payment,1055790000,41609.479999999996,394.10754032525404
2025-05-01,Variety Stores,61000000,3562.05,583.9426229508197
2025-06-01,Bakeries,260339999,3882.89,149.14688541579045
2025-06-01,Beauty And Barber Shops,74500000,2061.71,276.73959731543624
2025-06-01,"Candy, Nut And Confectionery Shops",103300000,1862.47,180.297192642788
2025-06-01,Cigar Shops And Stands,294960000,1830.37,62.05485489557906
2025-06-01,Dairies,169180000,4214.89,249.13642274500532
2025-06-01,Debt Collection Agencies,146450000,86698.33,5919.9952202116765
2025-06-01,Department Stores,64099999,4084.54,637.213738490074
2025-06-01,Digital Goods: Games,332940000,9749.96,292.84435634048174
2025-06-01,Electronics Repair Shops,73640000,2188.37,297.1713742531233
2025-06-01,Electronics Shops,78510000,10436.88,1329.3695070691629
2025-06-01,Food & Beverages,2333060000,35106.73,150.47504136198813
2025-06-01,Freezer And Locker Meat Provisioners,101020000,3330.13,329.650564244704
2025-06-01,Government Services Not Elsewhere Classified,102810000,9204.87,895.3282754595858
2025-06-01,Grocery & Supermarkets,2848110000,63307.98,222.28067033927763
2025-06-01,Healthcare & Pharmacy,255660000,10355.33,405.04302589376516
2025-06-01,Insurance & Financial Services,56310000,43986.51,7811.491742141716
2025-06-01,Mens And Womens Clothing Shops,84310000,10383.52,1231.5881864547503
2025-06-01,"Mens, Womens And Childrens Uniforms And Commercial Clothing",67060000,6192.06,923.3611691022966
2025-06-01,Online Marketplaces,93890000,6558.75,698.5568218127596
2025-06-01,"Package Shops Beer, Wine And Liquor",147160000,6087.56,413.6694754009242
2025-06-01,Purchase Of Digital Gold,85460000,948.05,110.93494032295811
2025-06-01,Taxi-Cabs And Limousines,64530000,1202.33,186.32109096544244
2025-06-01,Travel & Transport,664510000,39742.74,598.0758754571037
2025-06-01,Utilities & Bill Payment,1014980000,42617.35,419.88364302744884
2025-06-01,Variety Stores,59180000,3216.41,543.4961135518756
2025-07-01,Bakeries,261930000,3778.91,144.27175199480777
2025-07-01,Beauty And Barber Shops,73660000,2061.03,279.80314960629926
2025-07-01,"Candy, Nut And Confectionery Shops",107370000,1945.81,181.22473689112414
2025-07-01,Cigar Shops And Stands,321840000,1900.46,59.04983842903306
2025-07-01,Dairies,178320000,4372.84,245.22431583669808
2025-07-01,Debt Collection Agencies,161360000,93857.47,5816.650347050075
2025-07-01,Department Stores,65879999,4095.4,621.6454253437374
2025-07-01,Digital Goods: Games,351240000,10076.56,286.8853205785218
2025-07-01,Electronics Repair Shops,77300000,2202.87,284.97671410090555
2025-07-01,Electronics Shops,92130000,10067.66,1092.7667426462608
2025-07-01,Food & Beverages,2461300000,35321.03,143.50558647869013
2025-07-01,Freezer And Locker Meat Provisioners,98640000,3140.46,318.3759124087591
2025-07-01,Government Services Not Elsewhere Classified,109960000,11298.32,1027.493634048745
2025-07-01,Grocery & Supermarkets,3032590000,64881.98,213.94906663940725
2025-07-01,Healthcare & Pharmacy,297410000,11824.93,397.59692007666183
2025-07-01,Insurance & Financial Services,65709999,61080.49,9295.463541248875
2025-07-01,Mens And Womens Clothing Shops,92540000,10874.31,1175.0929327858223
2025-07-01,"Mens, Womens And Childrens Uniforms And Commercial Clothing",65640000,5968.52,909.280926264473
2025-07-01,Online Marketplaces,122010000,8053.72,660.0868781247439
2025-07-01,"Package Shops Beer, Wine And Liquor",145640000,5920.43,406.51126064268055
2025-07-01,Purchase Of Digital Gold,95720000,1020.24,106.58587547012118
2025-07-01,Taxi-Cabs And Limousines,67650000,1186.07,175.32446415373244
2025-07-01,Travel & Transport,686340000,38846.78999999999,565.9992132179385
2025-07-01,Utilities & Bill Payment,1046600000,45126.43,431.17169883432064
2025-07-01,Variety Stores,60230000,3146.05,522.3393657645692
2025-08-01,Bakeries,271220000,4092.27,150.88378438168277
2025-08-01,Beauty And Barber Shops,81720000,2316.82,283.5070974057758
2025-08-01,"Candy, Nut And Confectionery Shops",115110000,2227.2,193.4844930935627
2025-08-01,Cigar Shops And Stands,330070000,1946.5,58.97233920077559
2025-08-01,Dairies,179100000,4532.91,253.09380234505863
2025-08-01,Debt Collection Agencies,151490000,77007.05,5083.309129315467
2025-08-01,Department Stores,69990000,4143.22,591.97313901986
2025-08-01,Digital Goods: Games,270700000,7441.14,274.88511267085335
2025-08-01,Electronics Repair Shops,78020000,2202.89,282.34939759036143
2025-08-01,Electronics Shops,93340000,10208.97,1093.740089993572
2025-08-01,Food & Beverages,2534070000,37387.97,147.54118868065996
2025-08-01,Freezer And Locker Meat Provisioners,102150000,3207.17,313.9667156142927
2025-08-01,Government Services Not Elsewhere Classified,107750000,10589.67,982.8
2025-08-01,Grocery & Supermarkets,3129400000,68115.89,217.6643765578066
2025-08-01,Healthcare & Pharmacy,322460000,12580.6,390.14451404825405
2025-08-01,Insurance & Financial Services,57810000,45687.06,7902.968344577062
2025-08-01,Mens And Womens Clothing Shops,101850000,11811.01,1159.6475208640156
2025-08-01,"Mens, Womens And Childrens Uniforms And Commercial Clothing",75870000,7087.98,934.2269671807038
2025-08-01,Online Marketplaces,122600000,7821.54,637.9722675367047
2025-08-01,"Package Shops Beer, Wine And Liquor",149200000,6116.17,409.9309651474531
2025-08-01,Purchase Of Digital Gold,99770000,1183.73,118.64588553673448
2025-08-01,Taxi-Cabs And Limousines,69960000,1204.41,172.15694682675814
2025-08-01,Travel & Transport,707880000,38689.33,546.5520992258575
2025-08-01,Utilities & Bill Payment,1036560000,43586.3,420.48988963494634
2025-08-01,Variety Stores,67180000,3392.94,505.05209883894014
2025-09-01,Bakeries,264459999,3839.26,145.1735617680313
2025-09-01,Beauty And Barber Shops,77800000,2228.32,286.41645244215937
2025-09-01,"Candy, Nut And Confectionery Shops",111940000,2059.83,184.01197069858853
2025-09-01,Cigar Shops And Stands,340610000,1976.68,58.03352808197058
2025-09-01,Dairies,179850000,4473.01,248.70781206561023
2025-09-01,Debt Collection Agencies,133509999,48457.21,3629.481713950129
2025-09-01,Department Stores,68820000,4160.92,604.6091252542866
2025-09-01,Electronics Repair Shops,77070000,2151.57,279.1708836123005
2025-09-01,Electronics Shops,78810000,9589.96,1216.8455779723383
2025-09-01,Family Clothing Shops,57120000,4835.0,846.4635854341736
2025-09-01,Food & Beverages,2542730000,35613.01,140.0581658296398
2025-09-01,Freezer And Locker Meat Provisioners,98260000,3168.57,322.4679421941787
2025-09-01,Government Services Not Elsewhere Classified,105930000,11254.57,1062.4535070329464
2025-09-01,Grocery & Supermarkets,3126250000,66408.93,212.423606557377
2025-09-01,Healthcare & Pharmacy,321380000,12624.22,392.81286950028004
2025-09-01,Insurance & Financial Services,61410000,49486.58,8058.391141507897
2025-09-01,Mens And Womens Clothing Shops,86510000,10756.6,1243.393827303202
2025-09-01,"Mens, Womens And Childrens Uniforms And Commercial Clothing",67250000,6641.92,987.6460966542751
2025-09-01,Online Marketplaces,141210000,10049.11,711.6429431343389
2025-09-01,Others,2352160000,336575.97,1430.92293891572
2025-09-01,"Package Shops Beer, Wine And Liquor",147670000,6104.8,413.40827520823456
2025-09-01,Purchase Of Digital Gold,103190000,1410.18,136.65859094873534
2025-09-01,Taxi-Cabs And Limousines,70000000,1127.4,161.05714285714285
2025-09-01,Travel & Transport,697100000,37847.759999999995,542.9315736623153
2025-09-01,Utilities & Bill Payment,989550000,43179.01,436.3499570511849
2025-09-01,Variety Stores,66379999,3546.9,534.3326383599373
2025-10-01,Bakeries,272100000,4460.15,163.91583976479237
2025-10-01,Beauty And Barber Shops,86600000,2598.25,300.02886836027716
2025-10-01,"Candy, Nut And Confectionery Shops",121430000,2777.26,228.71283867248624
2025-10-01,Cigar Shops And Stands,349420000,2158.47,61.772938011562005
2025-10-01,Dairies,180580000,5062.23,280.33170893786684
2025-10-01,Debt Collection Agencies,142020000,50614.85,3563.9240951978595
2025-10-01,Department Stores,77120000,5155.82,668.5451244813278
2025-10-01,Electronics Repair Shops,80410000,2456.83,305.5378684243253
2025-10-01,Electronics Shops,86290000,12175.87,1411.040676787577
2025-10-01,Family Clothing Shops,72700000,6713.91,923.5089408528198
2025-10-01,Food & Beverages,2639510000,41344.05,156.63532246515453
2025-10-01,Freezer And Locker Meat Provisioners,114270000,3791.83,331.83075172836266
2025-10-01,Government Services Not Elsewhere Classified,105850000,9653.39,911.9877184695324
2025-10-01,Grocery & Supermarkets,3273160000,76073.21,232.4151889916778
2025-10-01,Healthcare & Pharmacy,324970000,12661.02,389.6058097670554
2025-10-01,Insurance & Financial Services,70240000,66095.52,9409.95444191344
2025-10-01,Mens And Womens Clothing Shops,105380000,13418.87,1273.3791990890113
2025-10-01,"Mens, Womens And Childrens Uniforms And Commercial Clothing",89070000,10082.93,1132.0231278769506
2025-10-01,Online Marketplaces,126230000,8350.3,661.5146953972907
2025-10-01,Others,2522740000,388092.53,1538.3770424221286
2025-10-01,"Package Shops Beer, Wine And Liquor",167020000,7177.96,429.7664950305353
2025-10-01,Purchase Of Digital Gold,115950000,2290.36,197.52996981457525
2025-10-01,Taxi-Cabs And Limousines,68900000,1174.46,170.45863570391873
2025-10-01,Travel & Transport,738600000,42232.58,571.7923097752505
2025-10-01,Utilities & Bill Payment,1025270000,45073.850000000006,439.62907331727257
2025-10-01,Variety Stores,71730000,4055.7,565.4119615223756
2025-11-01,Bakeries,272050000,4070.97,149.6405072596949
2025-11-01,Beauty And Barber Shops,86290000,2718.65,315.0596824661027
2025-11-01,"Candy, Nut And Confectionery Shops",109400000,2184.47,199.67733089579522
2025-11-01,Cigar Shops And Stands,354070000,2116.67,59.78111672833056
2025-11-01,Dairies,170470000,4681.42,274.61840793101425
2025-11-01,Debt Collection Agencies,145930000,51892.29,3555.971356129651
2025-11-01,Department Stores,74510000,4989.45,669.6349483290834
2025-11-01,Electronics Repair Shops,77650000,2291.91,295.15904700579523
2025-11-01,Electronics Shops,77950000,9681.18,1241.9730596536242
2025-11-01,Family Clothing Shops,72240000,6289.44,870.6312292358803
2025-11-01,Food & Beverages,2698060000,39272.22,145.55725224791146
2025-11-01,Freezer And Locker Meat Provisioners,120830000,3905.63,323.2334685094761
2025-11-01,Government Services Not Elsewhere Classified,108890000,9017.18,828.0999173477821
2025-11-01,Grocery & Supermarkets,3222990000,71129.56,220.69432421447166
2025-11-01,Healthcare & Pharmacy,322700000,12583.01,389.92903625658505
2025-11-01,Insurance & Financial Services,61990000,49218.88,7939.809646717213
2025-11-01,"Mens, Womens And Childrens Uniforms And Commercial Clothing",83580000,8856.67,1059.6637951663076
2025-11-01,Online Marketplaces,109610000,7205.27,657.355168324058
2025-11-01,Others,2469520000,284109.38,1150.463976805209
2025-11-01,"Package Shops Beer, Wine And Liquor",165250000,6873.85,415.9667170953101
2025-11-01,Purchase Of Digital Gold,123420000,1215.36,98.47350510452114
2025-11-01,Taxi-Cabs And Limousines,72520000,1170.53,161.40788747931606
2025-11-01,Travel & Transport,739270000,44545.21,602.5567113503862
2025-11-01,Utilities & Bill Payment,1032320000,130839.37,1267.4303510539369
2025-11-01,Variety Stores,68980000,3693.49,535.4436068425631
2025-12-01,Bakeries,292950000,4638.98,158.35398532172724
2025-12-01,Beauty And Barber Shops,84590000,2542.32,300.54616384915477
2025-12-01,"Candy, Nut And Confectionery Shops",115420000,2343.73,203.06099462831398
2025-12-01,Cigar Shops And Stands,373940000,2267.97,60.650639139968966
2025-12-01,Dairies,175750000,4731.5,269.2176386913229
2025-12-01,Debt Collection Agencies,176040000,56756.95,3224.0939559191092
2025-12-01,Department Stores,78090000,5221.22,668.6156998335255
2025-12-01,Electronics Repair Shops,79920000,2348.54,293.8613613613614
2025-12-01,Electronics Shops,83150000,10433.92,1254.8310282621767
2025-12-01,Family Clothing Shops,74330000,6364.49,856.2478138033096
2025-12-01,Food & Beverages,2861790000,42438.73,148.2943542328403
2025-12-01,Freezer And Locker Meat Provisioners,129850000,4468.63,344.13785136696185
2025-12-01,Government Services Not Elsewhere Classified,120850000,10957.56,906.707488622259
2025-12-01,Grocery & Supermarkets,3358740000,74921.67,223.0648100180425
2025-12-01,Healthcare & Pharmacy,333250000,13106.4,393.2903225806452
2025-12-01,Insurance & Financial Services,70410000,59097.26,8393.304928277234
2025-12-01,Mens And Womens Clothing Shops,122820000,13149.98,1070.6709005048037
2025-12-01,"Mens, Womens And Childrens Uniforms And Commercial Clothing",84270000,8298.3,984.7276610893556
2025-12-01,Online Marketplaces,113750000,7051.77,619.9358241758242
2025-12-01,Others,2481180000,372630.03,1501.8258651125675
2025-12-01,"Package Shops Beer, Wine And Liquor",175410000,7762.04,442.5084088706459
2025-12-01,Purchase Of Digital Gold,183320000,2079.31,113.42515819332316
2025-12-01,Taxi-Cabs And Limousines,76690000,1281.81,167.1417394705959
2025-12-01,Travel & Transport,743210000,45566.52,613.1042370258741
2025-12-01,Utilities & Bill Payment,1023840000,43555.66,425.4147132364433
2025-12-01,Variety Stores,68820000,3557.7,516.9572798605057
2026-01-01,Bakeries,286870000,4404.69,153.54306828877188
2026-01-01,Beauty And Barber Shops,85440000,2502.48,292.89325842696627
2026-01-01,"Candy, Nut And Confectionery Shops",120870000,2488.16,205.85422354595846
2026-01-01,Cigar Shops And Stands,380860000,2329.34,61.16000630152812
2026-01-01,Dairies,179310000,4857.85,270.91907869053597
2026-01-01,Debt Collection Agencies,189950000,60373.41,3178.3843116609632
2026-01-01,Department Stores,76960000,5058.4,657.2765072765072
2026-01-01,Electronics Repair Shops,78960000,2341.77,296.5767477203647
2026-01-01,Electronics Shops,86030000,10923.26,1269.7035917703126
2026-01-01,Family Clothing Shops,87510000,6808.89,778.0699348645869
2026-01-01,Food & Beverages,2848960000,42211.32,148.16396158598226
2026-01-01,Freezer And Locker Meat Provisioners,130090000,4597.06,353.3753555230995
2026-01-01,Government Services Not Elsewhere Classified,122730000,10192.71,830.4986555854313
2026-01-01,Grocery & Supermarkets,3419810000,76833.09,224.67063959693667
2026-01-01,Healthcare & Pharmacy,324060000,12886.1,397.64549774733075
2026-01-01,Insurance & Financial Services,80400000,81039.5,10079.539800995024
2026-01-01,Mens And Womens Clothing Shops,119380000,13206.0,1106.215446473446
2026-01-01,"Mens, Womens And Childrens Uniforms And Commercial Clothing",78590000,8099.34,1030.5814989184375
2026-01-01,Online Marketplaces,116510000,7009.66,601.6359110805939
2026-01-01,Others,2478900000,378981.36,1528.8287546895801
2026-01-01,"Package Shops Beer, Wine And Liquor",173100000,7626.08,440.55921432697863
2026-01-01,Purchase Of Digital Gold,219630000,3926.47,178.77657879160407
2026-01-01,Taxi-Cabs And Limousines,75890000,1315.32,173.3192779022269
2026-01-01,Travel & Transport,739250000,44642.35,603.8870476834629
2026-01-01,Utilities & Bill Payment,1040220000,42615.57,409.67843340831746
2026-01-01,Variety Stores,67820000,3555.65,524.2774992627543
2026-02-01,Bakeries,264890000,3927.7,148.27664313488617
2026-02-01,Beauty And Barber Shops,83730000,2540.71,303.4408216887615
2026-02-01,"Candy, Nut And Confectionery Shops",116480000,2379.66,204.2977335164835
2026-02-01,Cigar Shops And Stands,362230000,2253.23,62.20440051900726
2026-02-01,Dairies,176340000,4721.54,267.75206986503343
2026-02-01,Debt Collection Agencies,168580000,58678.29,3480.7385217700794
2026-02-01,Department Stores,69350000,4600.62,663.3914924297044
2026-02-01,Electronics Repair Shops,74070000,2208.02,298.09909545024976
2026-02-01,Electronics Shops,81950000,10322.74,1259.6388041488713
2026-02-01,Family Clothing Shops,75040000,6605.23,880.2278784648187
2026-02-01,Food & Beverages,2631310000,38082.89,144.72977338283974
2026-02-01,Freezer And Locker Meat Provisioners,117320000,3970.9,338.4674394817593
2026-02-01,Government Services Not Elsewhere Classified,119000000,9573.58,804.5025210084034
2026-02-01,Grocery & Supermarkets,3283850000,74127.95,225.73488435829896
2026-02-01,Healthcare & Pharmacy,294660000,11921.67,404.59071472205255
2026-02-01,Insurance & Financial Services,70970000,58625.78,8260.642525010568
2026-02-01,Mens And Womens Clothing Shops,100200000,11804.33,1178.0768463073853
2026-02-01,"Mens, Womens And Childrens Uniforms And Commercial Clothing",68200000,7408.05,1086.224340175953
2026-02-01,Online Marketplaces,114520000,6461.56,564.2298288508558
2026-02-01,Others,2345920000,354340.73,1510.4553011185378
2026-02-01,"Package Shops Beer, Wine And Liquor",163870000,7135.22,435.41953987917253
2026-02-01,Purchase Of Digital Gold,222830000,3032.41,136.08625409505004
2026-02-01,Taxi-Cabs And Limousines,72340000,1203.03,166.30218413049488
2026-02-01,Travel & Transport,706700000,43410.8,614.274798358568
2026-02-01,Utilities & Bill Payment,950660000,39854.92,419.2342162287253
2026-02-01,Variety Stores,60770000,3225.38,530.7520157972684
2026-03-01,Bakeries,294700000,4258.89,144.51611808618935
2026-03-01,Beauty And Barber Shops,87680000,2435.67,277.7908302919708
2026-03-01,"Candy, Nut And Confectionery Shops",141170000,2664.89,188.77169370262803
2026-03-01,Cigar Shops And Stands,395070000,2503.45,63.367251373174376
2026-03-01,Dairies,213460000,5353.95,250.81748336924952
2026-03-01,Debt Collection Agencies,181740000,63138.32,3474.1014636293608
2026-03-01,Department Stores,78950000,5062.72,641.256491450285
2026-03-01,Electronics Repair Shops,81720000,2382.92,291.59569260890845
2026-03-01,Electronics Shops,87650000,12194.61,1391.2846548773532
2026-03-01,Family Clothing Shops,88490000,8152.91,921.336874223076
2026-03-01,Food & Beverages,2819810000,41868.54,148.4800039718988
2026-03-01,Freezer And Locker Meat Provisioners,128949999,4715.38,365.67507069154766
2026-03-01,Government Services Not Elsewhere Classified,135160000,11098.65,821.1490085824208
2026-03-01,Grocery & Supermarkets,3751090000,81879.85,218.28281912724034
2026-03-01,Healthcare & Pharmacy,302500000,12315.9,407.1371900826446
2026-03-01,Insurance & Financial Services,77190000,71503.33,9263.289286176965
2026-03-01,Mens And Womens Clothing Shops,105380000,12956.31,1229.4847219586259
2026-03-01,"Mens, Womens And Childrens Uniforms And Commercial Clothing",82170000,8719.87,1061.1987343312646
2026-03-01,Online Marketplaces,141710000,7903.2,557.7023498694517
2026-03-01,Others,2584600000,391088.31,1513.148301477985
2026-03-01,"Package Shops Beer, Wine And Liquor",191220000,8559.21,447.6106055851898
2026-03-01,Purchase Of Digital Gold,254440000,3171.96,124.66436094953623
2026-03-01,Taxi-Cabs And Limousines,74170000,1218.87,164.33463664554398
2026-03-01,Travel & Transport,746140000,49253.659999999996,660.1128474549012
2026-03-01,Utilities & Bill Payment,1068260000,43656.08,408.66530619886544
2026-03-01,Variety Stores,67040000,3425.6,510.9785202863962
2026-04-01,Bakeries,322400000,4617.38,143.21898263027296
2026-04-01,Beauty And Barber Shops,89100000,2594.3,291.1672278338945
2026-04-01,"Candy, Nut And Confectionery Shops",146330000,2697.89,184.37025900362195
2026-04-01,Cigar Shops And Stands,401470000,2587.77,64.45736916830647
2026-04-01,Dairies,234710000,5720.09,243.7088321758766
2026-04-01,Debt Collection Agencies,181520000,61746.39,3401.63012340238
2026-04-01,Department Stores,81080000,5109.14,630.1356684755797
2026-04-01,Electronics Repair Shops,82610000,2524.84,305.6337005205181
2026-04-01,Electronics Shops,86540000,13595.44,1571.0006933210077
2026-04-01,Family Clothing Shops,86690000,8281.63,955.3154919829275
2026-04-01,Food & Beverages,2817460000,42571.76,151.0997849126518
2026-04-01,Government Services Not Elsewhere Classified,135390000,10666.53,787.8373587414137
2026-04-01,Grocery & Supermarkets,3722200000,80449.2,216.13346945354897
2026-04-01,Hardware Shops,62250000,8177.49,1313.6530120481927
2026-04-01,Healthcare & Pharmacy,287100000,11811.37,411.4026471612679
2026-04-01,Insurance & Financial Services,71300000,70266.74,9855.082748948107
2026-04-01,Mens And Womens Clothing Shops,98860000,12515.34,1265.96601254299
2026-04-01,"Mens, Womens And Childrens Uniforms And Commercial Clothing",82220000,8774.92,1067.2488445633667
2026-04-01,Online Marketplaces,137690000,7740.27,562.151935507299
2026-04-01,Others,2658420000,383377.35,1442.1248335477464
2026-04-01,"Package Shops Beer, Wine And Liquor",195470000,8605.27,440.23481864224686
2026-04-01,Purchase Of Digital Gold,245220000,2499.02,101.90930592936955
2026-04-01,Taxi-Cabs And Limousines,73090000,1225.63,167.68778218634563
2026-04-01,Travel & Transport,729610000,47632.590000000004,652.8500157618455
2026-04-01,Utilities & Bill Payment,1010550000,42244.16,418.0313690564545
2026-04-01,Variety Stores,70940000,3569.38,503.1547786862137
2026-05-01,Bakeries,372250000,5354.13,143.83156480859637
2026-05-01,Beauty And Barber Shops,90730000,2624.64,289.28028215584703
2026-05-01,"Candy, Nut And Confectionery Shops",155520000,2843.08,182.81121399176953
2026-05-01,Cigar Shops And Stands,418540000,2764.33,66.04697281024514
2026-05-01,Dairies,265480000,6157.64,231.94364923911405
2026-05-01,Debt Collection Agencies,192350000,66317.06,3447.728619703665
2026-05-01,Department Stores,86460000,5432.48,628.3229238954428
2026-05-01,Electronics Repair Shops,85630000,2642.02,308.53906341235546
2026-05-01,Electronics Shops,88430000,13823.09,1563.1674771005314
2026-05-01,Family Clothing Shops,84620000,7674.15,906.8955329709289
2026-05-01,Food & Beverages,2891980000,45660.6,157.88698400403877
2026-05-01,Freezer And Locker Meat Provisioners,131500000,4754.44,361.55437262357407
2026-05-01,Government Services Not Elsewhere Classified,141980000,9955.95,701.222003099028
2026-05-01,Grocery & Supermarkets,3872780000,85243.71,220.1098693961444
2026-05-01,Healthcare & Pharmacy,295930000,12378.02,418.2752677998175
2026-05-01,Insurance & Financial Services,69850000,56640.33,8108.851825340014
2026-05-01,Mens And Womens Clothing Shops,128610000,13151.28,1022.5705621646839
2026-05-01,"Mens, Womens And Childrens Uniforms And Commercial Clothing",79610000,7881.57,990.0226102248462
2026-05-01,Online Marketplaces,150090000,8763.11,583.8570191218602
2026-05-01,Others,2753039999,451987.9999999999,1641.7778171191762
2026-05-01,"Package Shops Beer, Wine And Liquor",221750000,9745.4,439.47688838782415
2026-05-01,Purchase Of Digital Gold,249080000,2450.63,98.38726513569938
2026-05-01,Taxi-Cabs And Limousines,75690000,1288.02,170.17043202536664
2026-05-01,Travel & Transport,780830000,53633.42,686.877041097294
2026-05-01,Utilities & Bill Payment,1031020000,46192.3,448.02525654206516
2026-05-01,Variety Stores,77400000,3738.98,483.0723514211886
